ID;DEPENDENCIA_ADM;LOCALIZACAO;CAPITAL;MEDIA_5_LP;MEDIA_5_MT;MEDIA_9_LP;MEDIA_9_MT;MEDIA_12_LP;MEDIA_12_MT;MEDIA_13_LP;MEDIA_13_MT;MEDIA_14_LP;MEDIA_14_MT;nivel_0_LP5;nivel_1_LP5;nivel_2_LP5;nivel_3_LP5;nivel_4_LP5;nivel_5_LP5;nivel_6_LP5;nivel_7_LP5;nivel_8_LP5;nivel_9_LP5;nivel_0_MT5;nivel_1_MT5;nivel_2_MT5;nivel_3_MT5;nivel_4_MT5;nivel_5_MT5;nivel_6_MT5;nivel_7_MT5;nivel_8_MT5;nivel_9_MT5;nivel_10_MT5;nivel_0_LP9;nivel_1_LP9;nivel_2_LP9;nivel_3_LP9;nivel_4_LP9;nivel_5_LP9;nivel_6_LP9;nivel_7_LP9;nivel_8_LP9;nivel_0_MT9;nivel_1_MT9;nivel_2_MT9;nivel_3_MT9;nivel_4_MT9;nivel_5_MT9;nivel_6_MT9;nivel_7_MT9;nivel_8_MT9;nivel_9_MT9;nivel_0_LPEMT;nivel_1_LPEMT;nivel_2_LPEMT;nivel_3_LPEMT;nivel_4_LPEMT;nivel_5_LPEMT;nivel_6_LPEMT;nivel_7_LPEMT;nivel_8_LPEMT;nivel_0_MTEMT;nivel_1_MTEMT;nivel_2_MTEMT;nivel_3_MTEMT;nivel_4_MTEMT;nivel_5_MTEMT;nivel_6_MTEMT;nivel_7_MTEMT;nivel_8_MTEMT;nivel_9_MTEMT;nivel_10_MTEMT;nivel_0_LPEMI;nivel_1_LPEMI;nivel_2_LPEMI;nivel_3_LPEMI;nivel_4_LPEMI;nivel_5_LPEMI;nivel_6_LPEMI;nivel_7_LPEMI;nivel_8_LPEMI;nivel_0_MTEMI;nivel_1_MTEMI;nivel_2_MTEMI;nivel_3_MTEMI;nivel_4_MTEMI;nivel_5_MTEMI;nivel_6_MTEMI;nivel_7_MTEMI;nivel_8_MTEMI;nivel_9_MTEMI;nivel_10_MTEMI;nivel_0_LPEM;nivel_1_LPEM;nivel_2_LPEM;nivel_3_LPEM;nivel_4_LPEM;nivel_5_LPEM;nivel_6_LPEM;nivel_7_LPEM;nivel_8_LPEM;nivel_0_MTEM;nivel_1_MTEM;nivel_2_MTEM;nivel_3_MTEM;nivel_4_MTEM;nivel_5_MTEM;nivel_6_MTEM;nivel_7_MTEM;nivel_8_MTEM;nivel_9_MTEM;nivel_10_MTEM
Brasil;Estadual;Rural;Capital;199,82;210,1;237,04;232,24;250,13;248,81;254,47;256,21;250,29;249,08;4,32;12,95;14,27;19,67;19,3;14,08;8,75;4,54;1,27;0,84;2,51;8,38;13,03;20,27;19,57;14,97;12,11;6;2,11;0,9;0,14;23,25;18,82;19,19;16,66;12,45;6,57;2,49;0,53;0,03;21,87;22,67;22,03;17,1;10,28;4,1;1,5;0,36;0,07;0;32,52;18,33;17,78;15,56;9,59;5,19;0,89;0,14;0;28,9;24,96;20,46;15,88;6,67;2,52;0,45;0,16;0;0;0;25,63;22,69;21,56;13,93;9,86;5,26;0;1,05;0;17,88;26,04;25,91;20,63;8,48;1,05;0;0;0;0;0;32,27;18,49;17,92;15,5;9,6;5,19;0,86;0,18;0;28,5;24,99;20,66;16,05;6,73;2,47;0,44;0,15;0;0;0
Brasil;Estadual;Rural;Interior;193,98;204,4;242,26;242,23;249,69;250,86;279;276,37;252,04;252,9;7,95;15,38;16,3;15,7;16,68;13,08;8,49;3,82;1,86;0,74;4,64;11,56;15,38;18,38;16,56;13,16;9,56;6,41;3,12;0,92;0,33;22,55;16;17,46;16,77;13,53;8,89;3,73;1,03;0,05;19,98;18,24;19,3;16,77;12,81;7,79;3,5;1,16;0,35;0,1;33,94;18,08;17,03;14,35;9,47;4,97;1,81;0,33;0,02;30,58;22,94;19,44;14,12;7,49;3,36;1,37;0,46;0,16;0,06;0;14,38;12,48;17,63;20,04;18,09;11,83;4,44;1,04;0,06;13,31;16,46;20,83;19,79;15;9,18;3,6;1,38;0,36;0,09;0;32,37;17,63;17,07;14,8;10,16;5,52;2,02;0,39;0,03;29,2;22,43;19,55;14,58;8,09;3,82;1,55;0,53;0,18;0,06;0
Brasil;Estadual;Rural;Total;195,26;205,66;241,87;241,49;249,71;250,8;278,68;276,1;251,99;252,79;7,15;14,85;15,85;16,57;17,26;13,3;8,55;3,98;1,73;0,76;4,17;10,85;14,86;18,8;17,22;13,55;10,12;6,32;2,9;0,92;0,29;22,6;16,21;17,59;16,77;13,45;8,72;3,64;0,99;0,05;20,12;18,56;19,5;16,8;12,62;7,52;3,36;1,1;0,33;0,09;33,89;18,09;17,05;14,38;9,47;4,98;1,79;0,33;0,02;30,53;23,01;19,47;14,18;7,46;3,33;1,35;0,45;0,16;0,06;0;14,53;12,61;17,69;19,96;17,98;11,74;4,38;1,04;0,06;13,37;16,59;20,9;19,8;14,91;9,08;3,55;1,36;0,36;0,08;0;32,37;17,66;17,1;14,82;10,14;5,51;1,99;0,38;0,02;29,18;22,5;19,58;14,62;8,05;3,79;1,52;0,52;0,17;0,06;0
Brasil;Estadual;Total;Capital;211,82;221,67;252,63;246,82;269,05;260,76;299,93;288,46;271,54;263;4,1;9,12;11,71;15,68;18,59;17,28;12,49;6,98;2,99;1,05;2,17;5,94;10,6;16,13;18,77;16,98;13,82;9,03;4,47;1,59;0,5;17,97;12,74;15,6;17,56;16,87;12,02;5,6;1,57;0,07;17,5;16,49;18,74;18,16;14,59;8,81;3,92;1,31;0,37;0,1;22;13,5;16,39;17,87;15,75;9,88;3,75;0,81;0,05;22,96;20,58;21,05;17,21;10,04;4,92;2,07;0,77;0,31;0,09;0;8,42;6,7;11,02;18,06;22,74;19,9;10,53;2,41;0,23;10,49;13;17,49;19,23;16,32;11,54;7,34;2,99;1,25;0,35;0;20,91;12,95;15,96;17,89;16,32;10,69;4,3;0,94;0,06;21,95;19,97;20,76;17,38;10,55;5,46;2,49;0,95;0,38;0,11;0
Brasil;Estadual;Total;Interior;213,36;224,03;256,03;253,2;268,79;264,33;294,49;288,63;270,74;266,17;3,96;8,94;11,58;15,23;18,23;17,28;12,66;7,52;3,4;1,2;2,05;6,04;10,16;15,35;17,87;17,1;14,16;9,58;5,04;1,9;0,73;15,75;12,44;15,46;17,83;17,69;12,97;6,04;1,73;0,09;14,49;15,14;18,08;18,35;15,9;10,6;5,05;1,78;0,48;0,13;21,49;14,02;17,05;18,26;15,43;9,34;3,59;0,77;0,05;20,84;19,62;20,77;17,96;11,18;5,78;2,5;0,93;0,33;0,09;0;9,99;8,36;13,18;18,2;21,15;17,7;8,85;2,43;0,15;10,34;13,27;17,6;19,19;16,07;11,61;6,94;3,21;1,38;0,38;0,01;20,62;13,59;16,76;18,25;15,86;9,98;3,99;0,89;0,06;20,04;19,14;20,53;18,06;11,55;6,22;2,84;1,11;0,41;0,11;0
Brasil;Estadual;Total;Total;212,73;223,06;255,33;251,88;268,84;263,58;295,69;288,59;270,91;265,5;4,02;9,02;11,63;15,42;18,38;17,28;12,59;7,3;3,23;1,14;2,1;6;10,34;15,67;18,24;17,05;14,02;9,36;4,81;1,77;0,64;16,21;12,5;15,49;17,78;17,52;12,78;5,95;1,7;0,09;15,11;15,42;18,22;18,31;15,63;10,23;4,82;1,68;0,45;0,13;21,6;13,91;16,91;18,18;15,5;9,46;3,62;0,78;0,05;21,28;19,82;20,83;17,81;10,94;5,6;2,41;0,9;0,33;0,09;0;9,64;7,99;12,7;18,17;21,5;18,19;9,22;2,42;0,17;10,38;13,21;17,57;19,2;16,13;11,59;7,03;3,16;1,35;0,38;0,01;20,68;13,46;16,59;18,18;15,96;10,13;4,05;0,9;0,06;20,44;19,31;20,58;17,91;11,34;6,06;2,77;1,07;0,41;0,11;0
Brasil;Estadual;Urbana;Capital;212,08;221,92;252,85;247,03;269,2;260,86;300,09;288,57;271,7;263,1;4,1;9,04;11,65;15,59;18,57;17,35;12,58;7,04;3,03;1,05;2,17;5,89;10,54;16,04;18,75;17,03;13,86;9,09;4,52;1,61;0,51;17,9;12,65;15,55;17,57;16,93;12,09;5,64;1,59;0,07;17,43;16,41;18,69;18,18;14,65;8,88;3,96;1,33;0,38;0,1;21,92;13,46;16,38;17,89;15,8;9,92;3,77;0,81;0,05;22,91;20,54;21,05;17,22;10,07;4,94;2,08;0,77;0,31;0,09;0;8,36;6,64;10,99;18,08;22,78;19,95;10,56;2,41;0,23;10,47;12,96;17,46;19,23;16,35;11,57;7,36;3;1,25;0,35;0;20,82;12,91;15,94;17,9;16,37;10,73;4,32;0,94;0,06;21,91;19,93;20,76;17,39;10,58;5,48;2,51;0,95;0,39;0,11;0
Brasil;Estadual;Urbana;Interior;214,43;225,11;256,7;253,73;270,13;265,28;295,65;289,55;272,06;267,11;3,74;8,59;11,31;15,21;18,31;17,51;12,89;7,72;3,49;1,23;1,91;5,74;9,88;15,18;17,94;17,32;14,42;9,76;5,15;1,95;0,75;15,42;12,27;15,37;17,88;17,89;13,17;6,15;1,76;0,09;14,23;14,99;18,02;18,42;16,05;10,73;5,13;1,81;0,48;0,13;20,61;13,74;17,05;18,53;15,85;9,65;3,72;0,8;0,05;20,15;19,38;20,86;18,23;11,44;5,95;2,58;0,97;0,34;0,09;0;9,66;8,05;12,84;18,06;21,38;18,15;9,18;2,53;0,16;10,12;13,03;17,35;19,15;16,16;11,79;7,2;3,34;1,46;0,41;0,01;19,78;13,31;16,74;18,5;16,27;10,29;4,13;0,93;0,06;19,39;18,9;20,6;18,3;11,79;6,39;2,93;1,15;0,43;0,11;0
Brasil;Estadual;Urbana;Total;213,44;223,78;255,88;252,3;269,93;264,31;296,69;289,32;271,98;266,23;3,89;8,78;11,46;15,37;18,42;17,45;12,76;7,43;3,29;1,15;2,02;5,8;10,16;15,54;18,28;17,2;14,18;9,48;4,88;1,81;0,65;15,95;12,35;15,41;17,82;17,68;12,94;6,04;1,73;0,09;14,91;15,29;18,17;18,37;15,75;10,34;4,88;1,71;0,46;0,13;20,9;13,68;16,91;18,39;15,84;9,71;3,73;0,8;0,05;20,76;19,64;20,9;18,01;11,14;5,73;2,47;0,92;0,34;0,09;0;9,36;7,72;12,41;18,07;21,7;18,57;9,5;2,5;0,17;10,2;13,01;17,38;19,17;16,2;11,74;7,23;3,26;1,41;0,39;0,01;20,01;13,22;16,56;18,37;16,29;10,39;4,17;0,93;0,06;19,95;19,13;20,63;18,1;11,53;6,19;2,84;1,1;0,42;0,11;0
Brasil;Federal;Rural;Capital;;;;;;;285,11;279;285,11;279;;;;;;;;;;;;;;;;;;;;;;;;;;;;;;;;;;;;;;;;;;;;;;;;;;;;;;;;;;;;;12,89;9,91;16,42;14,8;26,27;13,97;5,07;0,67;0;11,87;14,02;22,27;22,16;14,87;10,11;2,97;1,27;0,45;0;0;12,89;9,91;16,42;14,8;26,27;13,97;5,07;0,67;0;11,87;14,02;22,27;22,16;14,87;10,11;2,97;1,27;0,45;0;0
Brasil;Federal;Rural;Interior;;;;;290,1;288,49;299,17;297,11;298,44;296,42;;;;;;;;;;;;;;;;;;;;;;;;;;;;;;;;;;;;;;;;;7,02;12;16,73;21,86;16,49;17,64;7,44;0,81;0;7,78;6,88;19,74;17,94;34,04;9,47;2,87;1,15;0;0,15;0;8,09;7,25;12,43;18,52;21,47;18,31;11,19;2,47;0,26;8,7;10,36;15,66;18,18;16,76;14,47;9,02;4,73;1,58;0,52;0;8;7,64;12,78;18,79;21,07;18,26;10,89;2,34;0,24;8,62;10,08;15,99;18,16;18,15;14,07;8,53;4,45;1,46;0,49;0
Brasil;Federal;Rural;Total;;;;;290,1;288,49;298,52;296,28;297,87;295,68;;;;;;;;;;;;;;;;;;;;;;;;;;;;;;;;;;;;;;;;;7,02;12;16,73;21,86;16,49;17,64;7,44;0,81;0;7,78;6,88;19,74;17,94;34,04;9,47;2,87;1,15;0;0,15;0;8,31;7,38;12,61;18,35;21,69;18,11;10,91;2,39;0,24;8,84;10,53;15,97;18,37;16,68;14,27;8,75;4,57;1,53;0,5;0;8,21;7,73;12,93;18,62;21,29;18,08;10,64;2,27;0,23;8,76;10,25;16,26;18,33;18,01;13,9;8,29;4,31;1,41;0,47;0
Brasil;Federal;Total;Capital;238,41;247,25;303,78;317,44;324,24;338,67;312,54;314,09;315,83;321;1,22;2,01;6,24;10,47;16,19;23,17;19,81;12,12;6,75;2,02;0,74;1,32;3,83;9,08;15,23;20,79;20,72;16,19;8,15;2,84;1,11;3,46;3,17;4,88;10,89;16,65;24,84;23,59;11,68;0,83;2,59;2,64;5,69;9,1;15,32;19,78;15,96;13,41;9,08;6,42;5,14;2,84;5,72;11,1;17,48;25,35;21,55;9,22;1,61;4,7;3,72;7,56;10,38;11,87;16,3;15,73;11,57;10,26;7,67;0,24;6;4,99;8,66;13,56;20,89;23,46;15,82;6,11;0,51;6,52;8,18;12,1;15,06;15,36;13,8;12,53;8,91;5,57;1,9;0,07;5,76;4,39;7,83;12,87;19,93;23,99;17,43;6,98;0,82;6,01;6,92;10,82;13,75;14,38;14,5;13,43;9,65;6,89;3,52;0,12
Brasil;Federal;Total;Interior;232,57;245,19;303,29;315,5;313,81;323,91;310,6;309,07;310,78;309,89;1,21;3,56;7,85;15,41;15,81;18,63;17,26;10,19;7,13;2,96;2,44;0;2,22;9,68;15,25;28,14;21,65;7,65;9,35;1,82;1,8;2,31;3,64;6,55;9,97;16,49;27,04;23,43;10,37;0,21;2,9;4,2;5,1;10,18;13,39;17,71;16,53;17,41;9,31;3,27;5,74;5,33;9,93;14,01;16,91;22,62;17,06;7,88;0,51;5,39;6,74;10,92;14,29;17,42;11,02;10,75;6,67;10,42;6,29;0,07;5,52;5,05;9,43;15,67;21,57;22,95;15,12;4,33;0,35;6,2;7,94;12,97;16,47;16,91;16,4;12,37;6,63;3,13;0,97;0;5,53;5,06;9,46;15,58;21,32;22,94;15,23;4,53;0,36;6,15;7,87;12,86;16,35;16,94;16,11;12,29;6,64;3,53;1,26;0,01
Brasil;Federal;Total;Total;237,67;246,99;303,72;317,22;319,76;332,33;310,92;309,9;311,82;312,17;1,22;2,21;6,44;11,1;16,14;22,59;19,48;11,88;6,8;2,14;0,96;1,15;3,62;9,16;15,23;21,73;20,84;15,1;8,3;2,71;1,2;3,33;3,22;5,07;10,78;16,63;25,09;23,57;11,53;0,76;2,63;2,82;5,62;9,23;15,1;19,54;16,03;13,87;9,11;6,06;5,4;3,91;7,53;12,35;17,24;24,18;19,62;8,64;1,14;5;5,02;9,01;12,06;14,25;14,04;13,59;9,47;10,33;7,08;0,17;5,6;5,04;9,3;15,32;21,46;23,04;15,24;4,62;0,38;6,25;7,98;12,83;16,24;16,66;15,98;12,4;7,01;3,53;1,12;0,01;5,58;4,92;9,12;15,02;21,03;23,15;15,68;5,03;0,46;6,12;7,68;12,44;15,82;16,41;15,78;12,52;7,26;4,22;1,73;0,03
Brasil;Federal;Urbana;Capital;238,41;247,25;303,78;317,44;324,24;338,67;313,64;315,5;316,71;322,2;1,22;2,01;6,24;10,47;16,19;23,17;19,81;12,12;6,75;2,02;0,74;1,32;3,83;9,08;15,23;20,79;20,72;16,19;8,15;2,84;1,11;3,46;3,17;4,88;10,89;16,65;24,84;23,59;11,68;0,83;2,59;2,64;5,69;9,1;15,32;19,78;15,96;13,41;9,08;6,42;5,14;2,84;5,72;11,1;17,48;25,35;21,55;9,22;1,61;4,7;3,72;7,56;10,38;11,87;16,3;15,73;11,57;10,26;7,67;0,24;5,72;4,79;8,35;13,51;20,67;23,84;16,25;6,33;0,53;6,31;7,94;11,69;14,78;15,38;13,95;12,92;9,21;5,78;1,98;0,07;5,55;4,23;7,59;12,81;19,75;24,28;17,78;7,17;0,84;5,84;6,72;10,5;13,51;14,36;14,63;13,73;9,89;7,07;3,63;0,12
Brasil;Federal;Urbana;Interior;232,57;245,19;303,29;315,5;321,23;335,01;312,75;311,32;313,17;312,5;1,21;3,56;7,85;15,41;15,81;18,63;17,26;10,19;7,13;2,96;2,44;0;2,22;9,68;15,25;28,14;21,65;7,65;9,35;1,82;1,8;2,31;3,64;6,55;9,97;16,49;27,04;23,43;10,37;0,21;2,9;4,2;5,1;10,18;13,39;17,71;16,53;17,41;9,31;3,27;5,34;3,24;7,8;11,55;17,05;24,18;20,08;10,09;0,68;4,64;6,7;8,16;13,14;12,22;11,51;13,22;8,4;13,68;8,22;0,1;5,04;4,63;8,86;15,13;21,59;23,83;15,87;4,68;0,37;5,72;7,49;12,46;16,15;16,94;16,77;13;6,99;3,42;1,05;0;5,06;4,56;8,81;14,95;21,36;23,84;16,08;4,95;0,39;5,67;7,45;12,25;16;16,7;16,51;13,01;7,06;3,93;1,41;0,01
Brasil;Federal;Urbana;Total;237,67;246,99;303,72;317,22;323,14;337,33;312,92;312,09;313,99;314,74;1,22;2,21;6,44;11,1;16,14;22,59;19,48;11,88;6,8;2,14;0,96;1,15;3,62;9,16;15,23;21,73;20,84;15,1;8,3;2,71;1,2;3,33;3,22;5,07;10,78;16,63;25,09;23,57;11,53;0,76;2,63;2,82;5,62;9,23;15,1;19,54;16,03;13,87;9,11;6,06;5,21;2,99;6,48;11,26;17,32;24,93;21,01;9,54;1,27;4,68;4,8;7,78;11,39;12;14,56;14,81;10,42;11,51;7,87;0,19;5,17;4,66;8,77;14,83;21,42;23,83;15,94;4,98;0,4;5,83;7,57;12,32;15,9;16,65;16,25;12,99;7,4;3,85;1,22;0,02;5,17;4,48;8,53;14,46;20,99;23,94;16,47;5,46;0,49;5,71;7,28;11,85;15,43;16,16;16,07;13,18;7,72;4,65;1,92;0,03
Brasil;Municipal;Rural;Capital;197,07;205,62;246,63;244,31;;;252,81;265,5;252,81;265,5;5,89;14,03;16,82;17,28;16,88;13,88;8,23;4,5;1,52;0,98;3,19;9,53;15,59;19,96;18,76;14,82;8,98;5,73;2,31;0,92;0,21;18,48;15,87;17,79;18,64;14,72;9,82;3,51;1,12;0,06;17,58;18,47;20,25;17,52;13,55;8,1;3,17;1,12;0,18;0,05;;;;;;;;;;;;;;;;;;;;;27,59;17,24;20,69;20,69;10,34;3,45;0;0;0;20,69;13,79;20,69;27,59;6,9;10,34;0;0;0;0;0;27,59;17,24;20,69;20,69;10,34;3,45;0;0;0;20,69;13,79;20,69;27,59;6,9;10,34;0;0;0;0;0
Brasil;Municipal;Rural;Interior;191,69;202,56;237,57;238,38;238,93;242,99;;;238,93;242,99;8,36;17,14;17,23;16,21;14,64;11,55;7,51;4,35;1,98;1,03;4,65;12,82;17,09;18,1;15,9;12,08;8,65;5,5;2,96;1,38;0,87;24,96;17,84;18,03;15,46;12,02;7,44;3,24;0,94;0,07;22,63;20,47;19,23;15,12;10,72;6,44;3,03;1,33;0,67;0,37;45,64;14,86;13,32;12,97;9,13;3,6;0,48;0;0;40,79;21,87;14,52;10,18;7,67;3,95;0,77;0,25;0;0;0;;;;;;;;;;;;;;;;;;;;;45,64;14,86;13,32;12,97;9,13;3,6;0,48;0;0;40,79;21,87;14,52;10,18;7,67;3,95;0,77;0,25;0;0;0
Brasil;Municipal;Rural;Total;191,83;202,64;237,75;238,49;238,93;242,99;252,81;265,5;239,73;244,3;8,3;17,06;17,22;16,24;14,7;11,61;7,53;4,35;1,97;1,03;4,61;12,74;17,05;18,14;15,97;12,16;8,66;5,5;2,95;1,37;0,85;24,84;17,8;18,03;15,52;12,07;7,49;3,24;0,94;0,07;22,53;20,43;19,25;15,16;10,77;6,47;3,03;1,33;0,66;0,37;45,64;14,86;13,32;12,97;9,13;3,6;0,48;0;0;40,79;21,87;14,52;10,18;7,67;3,95;0,77;0,25;0;0;0;27,59;17,24;20,69;20,69;10,34;3,45;0;0;0;20,69;13,79;20,69;27,59;6,9;10,34;0;0;0;0;0;44,59;15;13,74;13,42;9,2;3,6;0,45;0;0;39,63;21,4;14,87;11,19;7,62;4,32;0,72;0,24;0;0;0
Brasil;Municipal;Total;Capital;206,16;215,77;254,76;249,84;272,28;265,72;264,34;263,25;271,56;265,5;4,83;11,3;13,63;16,26;17,72;15,44;10,99;6,22;2,64;0,97;2,32;7,29;12,28;17,58;19,14;16,51;12,12;7,43;3,61;1,29;0,43;16,77;12,39;15,38;17,57;17,55;12,62;5,97;1,65;0,09;15,44;15,96;18,71;19,04;15,31;9,58;4,13;1,38;0,36;0,1;20,97;10,77;17,12;18,09;16,63;11,74;3,9;0,78;0;17,92;18,78;21,02;21,32;12,7;6,15;1,63;0,33;0;0,16;0;21,22;14,19;17,76;25,14;16,26;3,58;1,85;0;0;21,45;12,46;23,3;24,91;10,84;7,04;0;0;0;0;0;20,99;11,08;17,18;18,73;16,59;11,01;3,71;0,71;0;18,24;18,21;21,22;21,65;12,53;6,23;1,48;0,3;0;0,15;0
Brasil;Municipal;Total;Interior;206,71;217,63;249,07;247,14;284,13;279,06;302,31;288,91;289,4;281,92;5,06;11,38;13,48;15,85;17,3;15,39;10,98;6,45;2,9;1,2;2,66;7,88;12,34;16,62;17,55;15,42;12,3;8,22;4,37;1,79;0,86;19,09;14,61;16,63;16,98;15,38;10,69;5,04;1,49;0,09;17,75;17,45;18,65;17,16;13,65;8,63;4,14;1,65;0,62;0,3;16,05;9,71;13,58;17,59;19,16;14,54;6,8;2,35;0,21;15,75;15,81;17,8;16,66;14,46;10,08;5,85;2,32;1,03;0,23;0,02;5,96;6,19;12,15;18,11;24,74;20,6;9,69;2,48;0,08;7,59;12,45;18,91;22,53;16,66;12,41;6,48;2,02;0,76;0,19;0;13,12;8,69;13,17;17,74;20,78;16,29;7,64;2,39;0,17;13,39;14,83;18,12;18,36;15,1;10,75;6,03;2,23;0,95;0,22;0,01
Brasil;Municipal;Total;Total;206,63;217,35;250,02;247,59;283,16;277,97;301,5;288,36;288,24;280,85;5,03;11,37;13,5;15,91;17,37;15,4;10,98;6,41;2,87;1,16;2,61;7,79;12,33;16,76;17,79;15,59;12,27;8,1;4,25;1,72;0,8;18,7;14,24;16,42;17,08;15,74;11,01;5,2;1,51;0,09;17,36;17,2;18,66;17,48;13,92;8,78;4,14;1,61;0,57;0,27;16,45;9,8;13,87;17,64;18,96;14,31;6,56;2,22;0,19;15,93;16,05;18,06;17,04;14,32;9,76;5,5;2,16;0,95;0,23;0,01;6,28;6,36;12,27;18,26;24,56;20,24;9,52;2,42;0,08;7,88;12,45;19;22,58;16,54;12,29;6,34;1,97;0,74;0,19;0;13,64;8,85;13,43;17,81;20,51;15,95;7,38;2,28;0,16;13,7;15,05;18,32;18,57;14,93;10,46;5,73;2,11;0,89;0,22;0,01
Brasil;Municipal;Urbana;Capital;206,37;216;254,94;249,96;272,28;265,72;275,96;260,98;272,45;265,5;4,8;11,23;13,55;16,24;17,74;15,48;11,05;6,26;2,67;0,97;2,3;7,23;12,2;17,53;19,15;16,55;12,19;7,47;3,64;1,3;0,44;16,73;12,32;15,32;17,55;17,61;12,68;6,03;1,66;0,09;15,39;15,91;18,68;19,07;15,35;9,61;4,15;1,38;0,36;0,11;20,97;10,77;17,12;18,09;16,63;11,74;3,9;0,78;0;17,92;18,78;21,02;21,32;12,7;6,15;1,63;0,33;0;0,16;0;14,81;11,11;14,81;29,63;22,22;3,7;3,7;0;0;22,22;11,11;25,93;22,22;14,81;3,7;0;0;0;0;0;20,68;10,78;17,01;18,64;16,89;11,36;3,89;0,75;0;18,12;18,41;21,25;21,37;12,8;6,03;1,55;0,31;0;0,15;0
Brasil;Municipal;Urbana;Interior;209,38;220,31;252,27;249,57;287,65;281,87;302,31;288,91;292,13;284,02;4,48;10,36;12,81;15,78;17,78;16,08;11,6;6,82;3,07;1,23;2,3;6,99;11,5;16,35;17,84;16,02;12,95;8,71;4,62;1,87;0,86;17,45;13,71;16,24;17,41;16,32;11,59;5,55;1,64;0,1;16,39;16,61;18,49;17,73;14,46;9,23;4,45;1,74;0,6;0,28;13,75;9,31;13,6;17,95;19,95;15,39;7,29;2,53;0,22;13,8;15,34;18,05;17,16;14,99;10,55;6,24;2,48;1,11;0,25;0,02;5,96;6,19;12,15;18,11;24,74;20,6;9,69;2,48;0,08;7,59;12,45;18,91;22,53;16,66;12,41;6,48;2,02;0,76;0,19;0;11,37;8,36;13,16;18;21,41;16,98;8,03;2,52;0,18;11,91;14,45;18,31;18,8;15,5;11,12;6,31;2,34;1;0,23;0,01
Brasil;Municipal;Urbana;Total;208,87;219,59;252,8;249,65;286,3;280,46;302,03;288,61;290,84;282,81;4,53;10,51;12,93;15,86;17,77;15,98;11,51;6,72;3;1,18;2,3;7,03;11,62;16,55;18,06;16,11;12,82;8,5;4,45;1,77;0,79;17,31;13,43;16,06;17,44;16,58;11,81;5,64;1,65;0,09;16,19;16,47;18,53;18;14,64;9,31;4,39;1,67;0,55;0,25;14,38;9,44;13,91;17,97;19,65;15,07;7;2,38;0,2;14,17;15,64;18,31;17,52;14,79;10,17;5,84;2,29;1,01;0,25;0,02;6,05;6,25;12,18;18,23;24,71;20,42;9,63;2,45;0,08;7,75;12,43;18,99;22,53;16,64;12,32;6,41;2;0,75;0,19;0;11,98;8,52;13,41;18,04;21,11;16,61;7,76;2,4;0,17;12,31;14,71;18,51;18,97;15,32;10,79;6;2,21;0,94;0,23;0,01
Brasil;Total - Estadual e Municipal;Rural;Capital;197,94;207,04;242,21;238,74;250,13;248,81;254,05;258,55;250,32;249,27;5,4;13,69;16,01;18,04;17,65;13,94;8,4;4,51;1,44;0,93;2,98;9,16;14,78;20,06;19,02;14,87;9,97;5,82;2,25;0,91;0,19;20,68;17,23;18,44;17,73;13,67;8,32;3,04;0,85;0,05;19,56;20,41;21,07;17,33;12,04;6,26;2,4;0,77;0,13;0,03;32,52;18,33;17,78;15,56;9,59;5,19;0,89;0,14;0;28,9;24,96;20,46;15,88;6,67;2,52;0,45;0,16;0;0;0;26,13;21,32;21,34;15,63;9,98;4,81;0;0,79;0;18,59;22,95;24,6;22,39;8,08;3,39;0;0;0;0;0;32,22;18,47;17,95;15,56;9,6;5,17;0,85;0,17;0;28,41;24,86;20,66;16,19;6,73;2,56;0,43;0,15;0;0;0
Brasil;Total - Estadual e Municipal;Rural;Interior;191,79;202,64;238,39;239,05;249,63;250,81;279;276,37;251,96;252,84;8,34;17,07;17,19;16,19;14,72;11,62;7,55;4,33;1,97;1,02;4,65;12,77;17,02;18,11;15,92;12,13;8,69;5,53;2,97;1,36;0,84;24,54;17,51;17,93;15,69;12,28;7,7;3,32;0,95;0,07;22,16;20,08;19,24;15,41;11,08;6,68;3,11;1,3;0,61;0,33;34,01;18,06;17;14,34;9,47;4,96;1,81;0,33;0,02;30,65;22,94;19,41;14,1;7,49;3,36;1,37;0,46;0,16;0,06;0;14,38;12,48;17,63;20,04;18,09;11,83;4,44;1,04;0,06;13,31;16,46;20,83;19,79;15;9,18;3,6;1,38;0,36;0,09;0;32,45;17,62;17,05;14,79;10,15;5,51;2,02;0,39;0,03;29,27;22,42;19,52;14,55;8,09;3,83;1,55;0,53;0,18;0,06;0
Brasil;Total - Estadual e Municipal;Rural;Total;192,01;202,8;238,51;239,04;249,64;250,75;278,56;276,06;251,92;252,74;8,24;16,95;17,15;16,26;14,83;11,7;7,58;4,34;1,95;1,01;4,59;12,64;16,94;18,18;16,04;12,23;8,74;5,54;2,94;1,34;0,82;24,43;17,51;17,95;15,75;12,32;7,72;3,31;0,95;0,07;22,09;20,09;19,29;15,46;11,11;6,66;3,09;1,29;0,6;0,32;33,97;18,07;17,03;14,37;9,47;4,97;1,78;0,32;0,02;30,6;23;19,44;14,15;7,47;3,34;1,34;0,45;0,16;0,06;0;14,59;12,63;17,7;19,97;17,95;11,71;4,36;1,04;0,06;13,4;16,58;20,9;19,83;14,87;9,08;3,54;1,35;0,36;0,08;0;32,44;17,64;17,08;14,81;10,14;5,5;1,98;0,38;0,02;29,24;22,49;19,56;14,6;8,05;3,79;1,52;0,52;0,17;0,06;0
Brasil;Total - Estadual e Municipal;Total;Capital;208,05;217,75;253,55;248,13;269,05;260,77;299,86;288,4;271,54;263;4,58;10,57;12,98;16,07;18,01;16,06;11,49;6,48;2,76;1;2,27;6,84;11,72;17,09;19,02;16,67;12,69;7,96;3,89;1,39;0,46;17,46;12,59;15,5;17,56;17,16;12,28;5,76;1,61;0,08;16,61;16,27;18,72;18,54;14,9;9,14;4,01;1,34;0,37;0,1;22;13,49;16,39;17,87;15,76;9,88;3,75;0,81;0,05;22,95;20,57;21,05;17,22;10,05;4,93;2,07;0,77;0,31;0,09;0;8,45;6,71;11,04;18,08;22,72;19,86;10,51;2,4;0,23;10,52;13;17,5;19,25;16,31;11,53;7,32;2,98;1,24;0,35;0;20,91;12,95;15,96;17,89;16,32;10,69;4,3;0,94;0,06;21,95;19,96;20,76;17,38;10,55;5,46;2,49;0,95;0,38;0,11;0
Brasil;Total - Estadual e Municipal;Total;Interior;207,46;218,35;252,57;250,19;268,88;264,41;294,71;288,63;270,88;266,29;4,94;11,11;13,26;15,78;17,41;15,61;11,17;6,57;2,96;1,2;2,59;7,67;12,1;16,47;17,58;15,61;12,51;8,38;4,44;1,8;0,85;17,41;13,52;16,04;17,41;16,54;11,84;5,54;1,61;0,09;16,11;16,29;18,37;17,76;14,78;9,62;4,6;1,72;0,55;0,22;21,46;14;17,03;18,25;15,45;9,37;3,61;0,78;0,05;20,81;19,6;20,75;17,96;11,2;5,8;2,52;0,94;0,34;0,09;0;9,87;8,3;13,15;18,2;21,25;17,79;8,87;2,43;0,15;10,26;13,24;17,63;19,29;16,09;11,63;6,93;3,17;1,36;0,38;0,01;20,56;13,56;16,73;18,25;15,9;10,02;4,02;0,91;0,06;19,99;19,1;20,51;18,06;11,58;6,26;2,86;1,11;0,42;0,11;0
Brasil;Total - Estadual e Municipal;Total;Total;207,57;218,24;252,76;249,8;268,91;263,65;295,82;288,58;271,02;265,6;4,87;11,01;13,21;15,83;17,52;15,69;11,23;6,55;2,92;1,16;2,53;7,51;12,02;16,59;17,86;15,81;12,54;8,3;4,34;1,73;0,77;17,42;13,34;15,94;17,44;16,66;11,92;5,58;1,61;0,09;16,2;16,28;18,43;17,91;14,8;9,53;4,49;1,65;0,51;0,19;21,57;13,89;16,9;18,17;15,51;9,48;3,64;0,78;0,05;21,26;19,8;20,81;17,8;10,96;5,62;2,43;0,91;0,33;0,09;0;9,57;7,95;12,69;18,17;21,57;18,24;9,23;2,42;0,17;10,32;13,19;17,6;19,28;16,14;11,61;7,02;3,13;1,34;0,37;0,01;20,63;13,43;16,57;18,17;15,99;10,16;4,07;0,91;0,06;20,4;19,28;20,56;17,92;11,36;6,09;2,79;1,08;0,41;0,11;0
Brasil;Total - Estadual e Municipal;Urbana;Capital;208,28;217,99;253,75;248,29;269,2;260,86;300,06;288,54;271,7;263,1;4,56;10,5;12,91;16,02;18,02;16,1;11,56;6,52;2,79;1;2,26;6,78;11,65;17,03;19,02;16,71;12,75;8,01;3,93;1,4;0,46;17,4;12,51;15,45;17,56;17,22;12,35;5,81;1,62;0,08;16,56;16,19;18,68;18,56;14,95;9,19;4,04;1,35;0,37;0,1;21,92;13,45;16,38;17,89;15,8;9,92;3,77;0,81;0,05;22,9;20,54;21,05;17,23;10,07;4,94;2,08;0,77;0,31;0,09;0;8,37;6,65;10,99;18,09;22,78;19,93;10,55;2,41;0,23;10,48;12,96;17,47;19,23;16,35;11,56;7,35;2,99;1,25;0,35;0;20,82;12,9;15,95;17,9;16,37;10,73;4,32;0,94;0,06;21,9;19,92;20,76;17,39;10,58;5,48;2,51;0,95;0,38;0,11;0
Brasil;Total - Estadual e Municipal;Urbana;Interior;210,01;220,91;254,71;251,87;270,24;265,38;295,86;289,53;272,22;267,24;4,39;10,14;12,62;15,71;17,84;16,26;11,76;6,93;3,12;1,23;2,25;6,84;11,3;16,21;17,85;16,18;13,13;8,84;4,68;1,88;0,85;16,33;12,91;15,76;17,67;17,18;12,46;5,88;1,71;0,09;15,19;15,72;18,23;18,11;15,34;10,06;4,82;1,78;0,54;0,2;20,57;13,71;17,03;18,53;15,87;9,68;3,74;0,81;0,05;20,11;19,36;20,85;18,23;11,46;5,98;2,6;0,98;0,35;0,09;0;9,55;7,99;12,82;18,07;21,48;18,22;9,19;2,53;0,16;10,04;13,01;17,4;19,25;16,17;11,81;7,17;3,3;1,44;0,4;0,01;19,72;13,27;16,71;18,5;16,31;10,34;4,16;0,94;0,06;19,33;18,87;20,58;18,31;11,82;6,43;2,96;1,16;0,43;0,11;0
Brasil;Total - Estadual e Municipal;Urbana;Total;209,65;220,29;254,51;251,13;270,01;264,39;296,81;289,3;272,1;266,33;4,42;10,21;12,68;15,78;17,88;16,22;11,72;6,84;3,05;1,18;2,25;6,83;11,37;16,38;18,1;16,29;13,05;8,66;4,52;1,78;0,76;16,55;12,83;15,69;17,65;17,19;12,44;5,86;1,69;0,09;15,48;15,82;18,33;18,21;15,26;9,88;4,66;1,69;0,5;0,18;20,86;13,66;16,89;18,39;15,86;9,74;3,74;0,81;0,05;20,73;19,62;20,89;18,01;11,15;5,75;2,49;0,93;0,34;0,09;0;9,28;7,68;12,4;18,07;21,77;18,61;9,5;2,5;0,17;10,14;13;17,42;19,24;16,21;11,75;7,21;3,23;1,39;0,39;0,01;19,96;13,19;16,54;18,37;16,32;10,43;4,19;0,94;0,06;19,9;19,1;20,62;18,11;11,55;6,22;2,86;1,11;0,42;0,11;0
Brasil;Total - Federal, Estadual e Municipal;Rural;Capital;197,94;207,04;242,21;238,74;250,13;248,81;277,2;273,79;254,57;252,91;5,4;13,69;16,01;18,04;17,65;13,94;8,4;4,51;1,44;0,93;2,98;9,16;14,78;20,06;19,02;14,87;9,97;5,82;2,25;0,91;0,19;20,68;17,23;18,44;17,73;13,67;8,32;3,04;0,85;0,05;19,56;20,41;21,07;17,33;12,04;6,26;2,4;0,77;0,13;0,03;32,52;18,33;17,78;15,56;9,59;5,19;0,89;0,14;0;28,9;24,96;20,46;15,88;6,67;2,52;0,45;0,16;0;0;0;16,26;12,81;17,67;15,01;22,12;11,64;3,78;0,7;0;13,58;16,29;22,87;22,22;13,14;8,4;2,21;0,95;0,34;0;0;29,85;17,43;17,76;15,47;11,64;6,24;1,37;0,24;0;26,39;23,53;20,86;16,92;7,73;3,49;0,74;0,29;0,06;0;0
Brasil;Total - Federal, Estadual e Municipal;Rural;Interior;191,79;202,64;238,39;239,05;249,96;251,12;289,53;287,2;255,98;256,6;8,34;17,07;17,19;16,19;14,72;11,62;7,55;4,33;1,97;1,02;4,65;12,77;17,02;18,11;15,92;12,13;8,69;5,53;2,97;1,36;0,84;24,54;17,51;17,93;15,69;12,28;7,7;3,32;0,95;0,07;22,16;20,08;19,24;15,41;11,08;6,68;3,11;1,3;0,61;0,33;33,79;18,01;17;14,4;9,52;5,07;1,85;0,33;0,02;30,46;22,81;19,41;14,13;7,71;3,41;1,38;0,46;0,16;0,06;0;11,1;9,75;14,92;19,25;19,86;15,22;7,96;1,79;0,16;10,9;13,28;18,13;18,95;15,92;11,94;6,43;3,13;1;0,31;0;30,34;16,76;16,68;15,14;11,09;6,61;2,78;0,56;0,04;27,49;21,36;19,22;14,86;8,96;4,71;2,15;0,87;0,29;0,1;0
Brasil;Total - Federal, Estadual e Municipal;Rural;Total;192,01;202,8;238,51;239,04;249,96;251,05;289,13;286,76;255,93;256,49;8,24;16,95;17,15;16,26;14,83;11,7;7,58;4,34;1,95;1,01;4,59;12,64;16,94;18,18;16,04;12,23;8,74;5,54;2,94;1,34;0,82;24,43;17,51;17,95;15,75;12,32;7,72;3,31;0,95;0,07;22,09;20,09;19,29;15,46;11,11;6,66;3,09;1,29;0,6;0,32;33,75;18,02;17,02;14,43;9,53;5,07;1,82;0,33;0,02;30,41;22,87;19,44;14,18;7,68;3,39;1,36;0,45;0,16;0,06;0;11,26;9,85;15,01;19,11;19,93;15,1;7,83;1,75;0,16;10,99;13,37;18,29;19,06;15,83;11,83;6,3;3,06;0,98;0,3;0;30,32;16,78;16,72;15,15;11,11;6,6;2,74;0,55;0,04;27,45;21,42;19,27;14,93;8,92;4,67;2,11;0,85;0,28;0,1;0
Brasil;Total - Federal, Estadual e Municipal;Total;Capital;208,15;217,83;254;248,75;269,68;261,65;303,03;294,83;273,14;265,1;4,57;10,54;12,96;16,05;18,01;16,08;11,52;6,5;2,77;1;2,27;6,82;11,69;17,07;19;16,68;12,71;7,99;3,91;1,4;0,46;17,33;12,5;15,41;17,5;17,16;12,39;5,92;1,7;0,09;16,48;16,14;18,61;18,46;14,9;9,24;4,12;1,45;0,44;0,16;21,81;13,37;16,27;17,79;15,78;10,06;3,95;0,9;0,06;22,74;20,38;20,9;17,14;10,07;5,05;2,22;0,89;0,42;0,18;0;7,84;6,28;10,44;16,95;22,26;20,76;11,84;3,33;0,3;9,52;11,79;16,15;18,2;16,07;12,09;8,63;4,46;2,33;0,74;0,02;20,36;12,64;15,67;17,71;16,45;11,17;4,77;1,15;0,09;21,37;19,49;20,4;17,25;10,69;5,78;2,89;1,26;0,62;0,23;0,01
Brasil;Total - Federal, Estadual e Municipal;Total;Interior;207,46;218,36;252,59;250,21;268,98;264,55;299,78;295,16;272,35;267,9;4,94;11,11;13,26;15,78;17,41;15,61;11,17;6,57;2,96;1,2;2,59;7,67;12,1;16,47;17,58;15,61;12,51;8,38;4,44;1,8;0,85;17,4;13,51;16,04;17,41;16,54;11,84;5,55;1,61;0,09;16,11;16,29;18,36;17,76;14,78;9,62;4,6;1,72;0,55;0,22;21,42;13,98;17,02;18,24;15,45;9,4;3,64;0,79;0,05;20,77;19,57;20,73;17,95;11,21;5,82;2,54;0,96;0,36;0,1;0;8,49;7,26;11,96;17,39;21,35;19,44;10,87;3,04;0,21;8,97;11,55;16,15;18,39;16,35;13,15;8,67;4,28;1,92;0,57;0,01;20;13,24;16,46;18,15;16,1;10,5;4,43;1,04;0,07;19,48;18,69;20,23;18;11,77;6,62;3,21;1,32;0,53;0,15;0
Brasil;Total - Federal, Estadual e Municipal;Total;Total;207,59;218,26;252,85;249,93;269,13;263,94;300,43;295,09;272,52;267,31;4,87;11;13,2;15,83;17,52;15,7;11,24;6,55;2,93;1,16;2,53;7,51;12,02;16,59;17,86;15,82;12,55;8,3;4,34;1,73;0,77;17,39;13,32;15,92;17,43;16,66;11,95;5,62;1,63;0,09;16,18;16,26;18,41;17,89;14,8;9,55;4,51;1,67;0,53;0,21;21,5;13,85;16,86;18,15;15,52;9,54;3,71;0,82;0,05;21,19;19,74;20,76;17,78;10,97;5,66;2,47;0,94;0,37;0,12;0;8,36;7,06;11,66;17,3;21,53;19,7;11,06;3,09;0,23;9,08;11,6;16,15;18,35;16,3;12,94;8,66;4,31;2,01;0,6;0,01;20,08;13,12;16,3;18,06;16,17;10,64;4,5;1,06;0,07;19,88;18,86;20,26;17,84;11,55;6,45;3,14;1,31;0,55;0,17;0
Brasil;Total - Federal, Estadual e Municipal;Urbana;Capital;208,38;218,08;254,2;248,92;269,83;261,75;303,37;295,11;273,29;265,2;4,55;10,47;12,89;16,01;18,02;16,13;11,59;6,54;2,8;1;2,25;6,77;11,62;17;19;16,72;12,78;8,04;3,94;1,41;0,46;17,27;12,42;15,36;17,5;17,22;12,46;5,97;1,71;0,09;16,43;16,07;18,57;18,48;14,95;9,29;4,15;1,46;0,45;0,16;21,73;13,33;16,26;17,81;15,82;10,1;3,98;0,91;0,06;22,7;20,35;20,9;17,15;10,09;5,07;2,24;0,9;0,42;0,18;0,01;7,73;6,2;10,35;16,97;22,27;20,88;11,94;3,36;0,3;9,46;11,73;16,06;18,15;16,11;12,14;8,71;4,51;2,35;0,75;0,02;20,28;12,6;15,65;17,72;16,49;11,21;4,8;1,16;0,09;21,33;19,46;20,4;17,26;10,72;5,8;2,91;1,27;0,62;0,24;0,01
Brasil;Total - Federal, Estadual e Municipal;Urbana;Interior;210,01;220,91;254,73;251,89;270,33;265,5;300,88;296,01;273,58;268,75;4,39;10,14;12,62;15,71;17,84;16,26;11,76;6,93;3,12;1,23;2,25;6,84;11,3;16,21;17,85;16,18;13,13;8,84;4,68;1,88;0,85;16,33;12,91;15,75;17,67;17,18;12,47;5,89;1,71;0,09;15,19;15,71;18,23;18,11;15,34;10,06;4,83;1,78;0,54;0,2;20,54;13,69;17,02;18,52;15,88;9,71;3,77;0,83;0,05;20,08;19,34;20,82;18,22;11,46;5,99;2,62;0,99;0,37;0,1;0;8,21;6,99;11,64;17,19;21,51;19,89;11,18;3,17;0,22;8,76;11,37;15,93;18,33;16,4;13,28;8,91;4,4;2,02;0,59;0,01;19,23;12,98;16,45;18,38;16,47;10,79;4,55;1,08;0,07;18,88;18,49;20,3;18,23;11,99;6,76;3,29;1,35;0,55;0,16;0
Brasil;Total - Federal, Estadual e Municipal;Urbana;Total;209,67;220,31;254,62;251,27;270,22;264,68;301,42;295,82;273,52;267,97;4,42;10,21;12,68;15,77;17,88;16,23;11,73;6,85;3,05;1,18;2,25;6,82;11,36;16,37;18,1;16,29;13,05;8,67;4,53;1,78;0,77;16,52;12,81;15,67;17,63;17,19;12,47;5,9;1,71;0,09;15,45;15,79;18,3;18,19;15,26;9,9;4,69;1,72;0,52;0,19;20,8;13,61;16,85;18,36;15,86;9,8;3,81;0,84;0,06;20,66;19,56;20,84;17,98;11,16;5,79;2,54;0,97;0,38;0,12;0;8,1;6,82;11,36;17,15;21,67;20,1;11,34;3,21;0,24;8,91;11,45;15,96;18,29;16,34;13,04;8,87;4,42;2,1;0,63;0,01;19,46;12,9;16,27;18,23;16,48;10,89;4,61;1,09;0,07;19,42;18,7;20,32;18,02;11,71;6,55;3,21;1,33;0,56;0,17;0
