ANO_SAEB;ID;DEPENDENCIA_ADM;LOCALIZACAO;CAPITAL;MEDIA_2_LP;MEDIA_2_MT;MEDIA_5_LP;MEDIA_5_MT;MEDIA_9_LP;MEDIA_9_MT;MEDIA_9_CH;MEDIA_9_CN;MEDIA_12_LP;MEDIA_12_MT;MEDIA_13_LP;MEDIA_13_MT;MEDIA_14_LP;MEDIA_14_MT;nivel_0_LP2;nivel_1_LP2;nivel_2_LP2;nivel_3_LP2;nivel_4_LP2;nivel_5_LP2;nivel_6_LP2;nivel_7_LP2;nivel_8_LP2;nivel_0_MT2;nivel_1_MT2;nivel_2_MT2;nivel_3_MT2;nivel_4_MT2;nivel_5_MT2;nivel_6_MT2;nivel_7_MT2;nivel_8_MT2;nivel_0_LP5;nivel_1_LP5;nivel_2_LP5;nivel_3_LP5;nivel_4_LP5;nivel_5_LP5;nivel_6_LP5;nivel_7_LP5;nivel_8_LP5;nivel_9_LP5;nivel_0_MT5;nivel_1_MT5;nivel_2_MT5;nivel_3_MT5;nivel_4_MT5;nivel_5_MT5;nivel_6_MT5;nivel_7_MT5;nivel_8_MT5;nivel_9_MT5;nivel_10_MT5;nivel_0_LP9;nivel_1_LP9;nivel_2_LP9;nivel_3_LP9;nivel_4_LP9;nivel_5_LP9;nivel_6_LP9;nivel_7_LP9;nivel_8_LP9;nivel_0_MT9;nivel_1_MT9;nivel_2_MT9;nivel_3_MT9;nivel_4_MT9;nivel_5_MT9;nivel_6_MT9;nivel_7_MT9;nivel_8_MT9;nivel_9_MT9;nivel_0_CH9;nivel_1_CH9;nivel_2_CH9;nivel_3_CH9;nivel_4_CH9;nivel_5_CH9;nivel_6_CH9;nivel_7_CH9;nivel_8_CH9;nivel_9_CH9;nivel_0_CN9;nivel_1_CN9;nivel_2_CN9;nivel_3_CN9;nivel_4_CN9;nivel_5_CN9;nivel_6_CN9;nivel_7_CN9;nivel_8_CN9;nivel_0_LP12;nivel_1_LP12;nivel_2_LP12;nivel_3_LP12;nivel_4_LP12;nivel_5_LP12;nivel_6_LP12;nivel_7_LP12;nivel_8_LP12;nivel_0_MT12;nivel_1_MT12;nivel_2_MT12;nivel_3_MT12;nivel_4_MT12;nivel_5_MT12;nivel_6_MT12;nivel_7_MT12;nivel_8_MT12;nivel_9_MT12;nivel_10_MT12;nivel_0_LP13;nivel_1_LP13;nivel_2_LP13;nivel_3_LP13;nivel_4_LP13;nivel_5_LP13;nivel_6_LP13;nivel_7_LP13;nivel_8_LP13;nivel_0_MT13;nivel_1_MT13;nivel_2_MT13;nivel_3_MT13;nivel_4_MT13;nivel_5_MT13;nivel_6_MT13;nivel_7_MT13;nivel_8_MT13;nivel_9_MT13;nivel_10_MT13;nivel_0_LP14;nivel_1_LP14;nivel_2_LP14;nivel_3_LP14;nivel_4_LP14;nivel_5_LP14;nivel_6_LP14;nivel_7_LP14;nivel_8_LP14;nivel_0_MT14;nivel_1_MT14;nivel_2_MT14;nivel_3_MT14;nivel_4_MT14;nivel_5_MT14;nivel_6_MT14;nivel_7_MT14;nivel_8_MT14;nivel_9_MT14;nivel_10_MT14
Edição do Saeb;Identificador;Dependência Administrativa;Localização;Área ;"Média 
2º Ano 
Língua Portuguesa";"Média 
2º Ano
Matemática";"Média 
5º Ano 
Língua Portuguesa";"Média 
5º Ano Matemática";"Média 
9º Ano 
Língua Portuguesa";"Média 
9º Ano
 Matemática";"Média 
9º Ano
 Ciências Humanas";"Média 
9º Ano
 Ciências da Natureza";"Média 
Ensino Médio Tradicional
Língua Portuguesa";"Média 
Ensino Médio Tradicional Matemática";"Média 
Ensino Médio Integrado Língua Portuguesa";"Média 
Ensino Médio Integrado Matemática";"Média 
Ensino Médio Tradicional + Integrado Língua Portuguesa";"Média 
Ensino Médio Tradicional + Integrado Matemática";"Nível 0 
Língua Portuguesa 2º Ano";"Nível 1 
Língua Portuguesa 2º Ano";"Nível 2 
Língua Portuguesa 
2º Ano";"Nível 3 
Língua Portuguesa 
2º Ano";"Nível 4 
Língua Portuguesa 
2º Ano";"Nível 5 
Língua Portuguesa 
2º Ano";"Nível 6 
Língua Portuguesa 
2º Ano";"Nível 7 
Língua Portuguesa 
2º Ano";"Nível 8 
Língua Portuguesa 
2º Ano";"Nível 0
 Matemática
 2º Ano";"Nível 1
 Matemática
 2º Ano";"Nível 2
 Matemática
 2º Ano";"Nível 3
 Matemática
 2º Ano";"Nível 4
 Matemática
 2º Ano";"Nível 5
 Matemática
 2º Ano";"Nível 6
 Matemática
 2º Ano";"Nível 7
 Matemática
 2º Ano";"Nível 8
 Matemática
 2º Ano";"Nível 0 
Língua Portuguesa 
5º Ano";"Nível 1 
Língua Portuguesa 
5º Ano";"Nível 2
Língua Portuguesa 
5º Ano";"Nível 3 
Língua Portuguesa 
5º Ano";"Nível 4 
Língua Portuguesa 
5º Ano";"Nível 5 
Língua Portuguesa 
5º Ano";"Nível 6
Língua Portuguesa 
5º Ano";"Nível 7 
Língua Portuguesa 
5º Ano";"Nível 8
Língua Portuguesa 
5º Ano";"Nível 9 
Língua Portuguesa 
5º Ano";"Nível 0
Matemática 
5º Ano";"Nível 1
Matemática 
5º Ano";"Nível 2
Matemática 
5º Ano";"Nível 3
Matemática 
5º Ano";"Nível 4 Matemática 
5º Ano";"Nível 5 Matemática 
5º Ano";"Nível 6
Matemática 
5º Ano";"Nível 7
Matemática 
5º Ano";"Nível 8
Matemática 
5º Ano";"Nível 9
Matemática 
5º Ano";"Nível 10
Matemática 
5º Ano";"Nível 0 
Língua Portuguesa 
9º Ano";"Nível 1 
Língua Portuguesa 
9º Ano";"Nível 2 
Língua Portuguesa 
9º Ano";"Nível 3 
Língua Portuguesa 
9º Ano";"Nível 4 
Língua Portuguesa 
9º Ano";"Nível 5 
Língua Portuguesa 
9º Ano";"Nível 6 
Língua Portuguesa 
9º Ano";"Nível 7 
Língua Portuguesa 
9º Ano";"Nível 8 
Língua Portuguesa 
9º Ano";"Nível 0
Matemática 
9º Ano";"Nível 1
Matemática 
9º Ano";"Nível 2
Matemática 
9º Ano";"Nível 3 Matemática 
9º Ano";Nível 4 Matemática 9º Ano;"Nível 5
Matemática 
9º Ano";"Nível 6
Matemática 
9º Ano";"Nível 7
Matemática 
9º Ano";"Nível 8
Matemática 
9º Ano";"Nível 9
Matemática 
9º Ano";"Nível 0
Ciências Humanas 
9º Ano";"Nível 1
Ciências Humanas 
9º Ano";"Nível 2
Ciências Humanas 
9º Ano";"Nível 3
Ciências Humanas 
9º Ano";"Nível 4
Ciências Humanas 
9º Ano";"Nível 5
Ciências Humanas 
9º Ano";"Nível 6
Ciências Humanas 
9º Ano";"Nível 7
Ciências Humanas 
9º Ano";"Nível 8
Ciências Humanas 
9º Ano";"Nível 9
Ciências Humanas 
9º Ano";"Nível 0
Ciências da Natureza 
9º Ano";"Nível 1
Ciências da Natureza
9º Ano";"Nível 2
Ciências da Natureza 
9º Ano";"Nível 3
Ciências da Natureza 
9º Ano";"Nível 4
Ciências da Natureza 
9º Ano";"Nível 5
Ciências da Natureza 
9º Ano";"Nível 6
Ciências da Natureza 
9º Ano";"Nível 7
Ciências da Natureza 
9º Ano";"Nível 8
Ciências da Natureza 
9º Ano";"Nível 0 
Ensino Médio Tradicional 
Língua Portuguesa";"Nível 1 
Ensino Médio Tradicional
Língua Portuguesa";"Nível 2 
Ensino Médio Tradicional
Língua Portuguesa";"Nível 3 
Ensino Médio Tradicional
Língua Portuguesa";"Nível 4 
Ensino Médio Tradicional 
Língua Portuguesa";"Nível 5 
Ensino Médio Tradicional 
Língua Portuguesa";"Nível 6 
Ensino Médio Tradicional 
Língua Portuguesa";"Nível 7 
Ensino Médio Tradicional 
Língua Portuguesa";"Nível 8 
Ensino Médio Tradicional 
Língua Portuguesa";"Nível 0 
Ensino Médio 
Tradicional 
Matemática";"Nível 1 
Ensino Médio 
Tradicional 
Matemática";"Nível 2
Ensino Médio Tradicional 
Matemática";"Nível 3 Ensino Médio Tradicional 
Matemática";"Nível 4 
Ensino Médio Tradicional
Matemática";"Nível 5 
Ensino Médio Tradicional 
Matemática";"Nível 6 
Ensino Médio Tradicional 
Matemática";"Nível 7 
Ensino Médio Tradicional 
Matemática";"Nível 8 
Ensino Médio Tradicional 
Matemática";"Nível 9 
Ensino Médio Tradicional 
Matemática";"Nível 10
Ensino Médio Tradicional 
Matemática";"Nível 0 
Ensino Médio Integrado 
Língua Portuguesa";"Nível 1 
Ensino Médio Integrado 
Língua Portuguesa";"Nível 2 
Ensino Médio  Integrado 
Língua Portuguesa";"Nível 3 
Ensino Médio  Integrado 
Língua Portuguesa";"Nível 4 
Ensino Médio  Integrado 
Língua Portuguesa";"Nível 5 
Ensino Médio  Integrado 
Língua Portuguesa";"Nível 6 
Ensino Médio  Integrado 
Língua Portuguesa";"Nível 7 
Ensino Médio  Integrado 
Língua Portuguesa";"Nível 8 
Ensino Médio  Integrado 
Língua Portuguesa";"Nível 0 
Ensino Médio  Integrado 
Matemática";"Nível 1 
Ensino Médio  Integrado 
Matemática";"Nível 2 
Ensino Médio  Integrado 
Matemática";"Nível 3
Ensino Médio  Integrado 
Matemática";"Nível 4 
Ensino Médio  Integrado 
Matemática";"Nível 5 
Ensino Médio  Integrado 
Matemática";"Nível 6 
Ensino Médio  Integrado 
Matemática";"Nível 7 
Ensino Médio  Integrado 
Matemática";"Nível 8 
Ensino Médio  Integrado 
Matemática";"Nível 9 
Ensino Médio  Integrado 
Matemática";"Nível 10 
Ensino Médio  Integrado 
Matemática";"Nível 0
Ensino Médio Tradicional + Integrado 
Língua Portuguesa";"Nível 1 
Ensino Médio Tradicional + Integrado 
Língua Portuguesa";"Nível 2 
Ensino Médio Tradicional + Integrado 
Língua Portuguesa";"Nível 3 
Ensino Médio Tradicional + Integrado 
Língua Portuguesa";"Nível 4 
Ensino Médio Tradicional + Integrado 
Língua Portuguesa";"Nível 5 
Ensino Médio Tradicional + Integrado 
Língua Portuguesa";"Nível 6 
Ensino Médio Tradicional + Integrado 
Língua Portuguesa";"Nível 7 
Ensino Médio Tradicional + Integrado 
Língua Portuguesa";"Nível 8 
Ensino Médio Tradicional + Integrado 
Língua Portuguesa";"Nível 0 
Ensino Médio Tradicional + Integrado 
Matemática";"Nível 1 
Ensino Médio Tradicional + Integrado 
Matemática";"Nível 2 
Ensino Médio Tradicional + Integrado 
Matemática";"Nível 3 
Ensino Médio Tradicional + Integrado 
Matemática";"Nível 4 
Ensino Médio Tradicional + Integrado 
Matemática";"Nível 5 
Ensino Médio Tradicional + Integrado 
Matemática";"Nível 6 
Ensino Médio Tradicional + Integrado 
Matemática";"Nível 7 
Ensino Médio Tradicional + Integrado 
Matemática";"Nível 8 
Ensino Médio Tradicional + Integrado 
Matemática";"Nível 9 
Ensino Médio Tradicional + Integrado 
Matemática";"Nível 10 
Ensino Médio Tradicional + Integrado 
Matemática"
2021;Brasil;Total - Federal, Estadual, Municipal e Privada;Total;Total;725,9;741,6;208,09;216,92;257,92;256,26;244,44;247,46;274,67;269,65;301,13;299,31;276,85;272,09;14,34;9,14;10,18;13,07;14,13;15,22;13,43;7,44;3,05;4,33;7,39;10,39;15;18,16;17,92;12,99;8,47;5,34;5,71;10,04;12,69;15,39;17,04;16,33;12,38;6,73;3,18;0,51;1,91;6,5;12,93;17,46;18,77;16,69;12,61;8,02;3,69;1,38;0,03;14,66;12,11;15,66;17,98;17,34;13,19;6,87;2,13;0,06;14,69;13,06;16,63;18,16;17,51;11,77;5,3;2,04;0,83;0;19,87;17,46;19,18;17,16;12,43;7,84;4,04;1,42;0,49;0,1;19,39;15,43;17,81;17,22;14,03;9,44;4,66;1,62;0,4;19,29;13,07;16,16;17,45;15,98;11,37;5,38;1,25;0,04;22,12;14,64;17,49;17,42;12,8;8,03;4,26;2,07;0,87;0,31;0;8,75;7,2;11,41;16,05;20,57;20,78;11,77;3,34;0,14;9,86;8,58;13,31;17,52;17,46;15,48;10,16;5,02;2,01;0,58;0;18,42;12,59;15,77;17,33;16,36;12,15;5,9;1,42;0,05;21,11;14,14;17,14;17,43;13,18;8,64;4,75;2,31;0,97;0,33;0
2021;Brasil;Total - Federal, Estadual, Municipal e Privada;Total;Capital;732,32;748,08;214,03;222,01;264,29;261,33;252,17;254,06;281,56;275,53;305,52;303,07;283,35;277,58;12,47;8,5;9,79;10,97;13,68;16,62;15,33;8,14;4,49;3,32;5,61;9,74;14,48;16,47;17,89;15,34;11,7;5,47;4,45;8,08;11,64;14,6;18,12;17,22;13,67;7,91;3,59;0,72;1,58;4,95;11,16;16,53;19,52;17,5;13,7;9,26;4,16;1,6;0,03;12,12;10,5;14,44;18,21;18,51;15,15;8,13;2,85;0,09;12,18;12,33;16,26;18,3;18,13;12,97;5,97;2,62;1,24;0;15,78;15,56;18,39;18,85;13,88;9,38;5;1,95;0,95;0,26;15,79;14,01;17,8;18,31;14,83;10,58;5,82;2,27;0,58;16,58;11,35;14,81;17,29;17,19;13,79;7,25;1,69;0,04;19,9;13,56;17,04;17,46;13,01;8,71;5,37;2,73;1,6;0,61;0;7,72;6,1;9,99;14,74;22,03;22,69;12,98;3,65;0,1;8,84;7,8;13,13;16,9;18,05;15,88;9,94;5,61;2,96;0,9;0;15,92;10,96;14,45;17,1;17,55;14,45;7,68;1,83;0,05;19,08;13,13;16,74;17,42;13,39;9,24;5,71;2,94;1,7;0,64;0
2021;Brasil;Total - Federal, Estadual, Municipal e Privada;Total;Interior;724,04;739,72;206,4;215,47;256,15;254,85;242,29;245,63;272,49;267,79;299,93;298,28;274,82;270,38;14,88;9,32;10,29;13,68;14,26;14,81;12,89;7,23;2,64;4,62;7,91;10,58;15,15;18,65;17,93;12,31;7,53;5,3;6,07;10,6;13;15,62;16,73;16,08;12,01;6,39;3,06;0,45;2,01;6,94;13,43;17,72;18,55;16,47;12,31;7,67;3,56;1,31;0,04;15,36;12,55;16;17,92;17,02;12,65;6,51;1,93;0,06;15,39;13,26;16,73;18,12;17,34;11,44;5,11;1,89;0,71;0;21;17,99;19,4;16,69;12,03;7,42;3,77;1,27;0,36;0,06;20,39;15,82;17,81;16,91;13,81;9,13;4,33;1,44;0,35;20,15;13,61;16,59;17,5;15,6;10,61;4,78;1,11;0,04;22,82;14,98;17,63;17,41;12,73;7,81;3,91;1,86;0,64;0,21;0;9,03;7,5;11,8;16,4;20,17;20,26;11,43;3,25;0,15;10,14;8,79;13,36;17,7;17,3;15,37;10,22;4,86;1,75;0,5;0;19,2;13,09;16,18;17,41;15,99;11,43;5,35;1,3;0,05;21,75;14,45;17,27;17,44;13,12;8,45;4,44;2,11;0,74;0,24;0
2021;Brasil;Total - Federal, Estadual, Municipal e Privada;Urbana;Total;727,41;742,83;211,12;219,68;260,41;258,59;246,41;249,88;275,89;270,85;302,63;300,56;277,99;273,18;13,48;9,18;10,11;13,21;14,02;15,36;13,82;7,64;3,19;3,84;7,27;10,14;15,05;18,35;17,98;13,26;8,67;5,44;4,89;8,99;12,12;15,35;17,44;17,05;13,08;7,15;3,39;0,55;1,64;5,64;11,97;17,06;19,08;17,33;13,29;8,56;3,95;1,46;0,04;13,43;11,48;15,38;18,19;17,94;13,9;7,32;2,29;0,07;13,44;12,56;16,42;18,38;18,13;12,38;5,63;2,18;0,88;0;18,69;17,05;19,11;17,49;12,87;8,27;4,33;1,54;0,54;0,12;17,92;14,96;17,77;17,6;14,61;9,97;4,99;1,75;0,43;18,57;12,81;16,1;17,61;16,32;11,7;5,55;1,29;0,04;21,38;14,45;17,49;17,63;13,05;8,23;4,39;2,14;0,91;0,32;0;8,45;6,81;10,93;15,67;20,8;21,42;12,32;3,44;0,16;9,63;8,36;13,13;17,03;17,51;15,81;10,51;5,25;2,14;0,63;0;17,78;12,34;15,7;17,45;16,67;12,46;6,09;1,46;0,05;20,46;13,97;17,15;17,58;13,4;8,83;4,87;2,38;1;0,35;0
2021;Brasil;Total - Federal, Estadual, Municipal e Privada;Urbana;Capital;732,65;748,34;214,38;222,39;264,57;261,62;252,45;254,42;281,76;275,73;305,85;303,43;283,55;277,78;12,35;8,45;9,79;10,96;13,63;16,68;15,41;8,2;4,53;3,27;5,56;9,67;14,39;16,47;17,99;15,43;11,78;5,44;4,39;7,98;11,55;14,54;18,14;17,29;13,77;7,99;3,63;0,73;1,56;4,87;11,04;16,43;19,52;17,57;13,79;9,36;4,21;1,62;0,03;12,03;10,41;14,37;18,21;18,56;15,24;8,2;2,88;0,09;12,07;12,24;16,21;18,31;18,2;13,05;6,02;2,64;1,25;0;15,66;15,46;18,37;18,89;13,93;9,44;5,05;1,97;0,96;0,27;15,55;13,97;17,79;18,37;14,92;10,64;5,88;2,29;0,58;16,48;11,32;14,79;17,3;17,24;13,85;7,29;1,7;0,04;19,81;13,53;17,02;17,48;13,05;8,74;5,4;2,74;1,61;0,62;0;7,62;6,03;9,88;14,76;22,02;22,82;13,09;3,68;0,11;8,72;7,75;13,06;16,84;18,07;15,98;10,02;5,66;2,99;0,91;0;15,82;10,92;14,42;17,11;17,6;14,52;7,72;1,85;0,05;18,99;13,1;16,73;17,43;13,42;9,28;5,75;2,96;1,72;0,64;0
2021;Brasil;Total - Federal, Estadual, Municipal e Privada;Urbana;Interior;725,75;741,08;210,07;218,8;259,12;257,65;244,52;248,45;273,94;269,22;301,64;299,68;276,15;271,65;13,84;9,41;10,21;13,93;14,15;14,94;13,31;7,46;2,77;4,02;7,81;10,29;15,26;18,95;17,98;12,56;7,68;5,44;5,05;9,31;12,3;15,61;17,22;16,97;12,86;6,88;3,31;0,49;1,67;5,88;12,27;17,26;18,93;17,25;13,13;8,3;3,87;1,41;0,04;13,87;11,81;15,69;18,19;17,74;13,48;7,05;2,1;0,06;13,87;12,66;16,48;18,41;18,11;12,17;5,5;2,03;0,77;0;19,65;17,55;19,34;17,05;12,53;7,91;4,1;1,4;0,41;0,07;18,66;15,27;17,76;17,37;14,51;9,76;4,71;1,58;0,39;19,27;13,31;16,54;17,71;16,01;10,98;4,98;1,16;0,04;21,91;14,76;17,65;17,67;13,05;8,06;4,06;1,94;0,67;0,22;0;8,7;7,05;11,26;15,95;20,42;20,99;12,09;3,37;0,17;9,91;8,54;13,15;17,09;17,34;15,75;10,66;5,12;1,88;0,55;0;18,43;12,81;16,12;17,57;16,37;11,78;5,55;1,34;0,05;20,95;14,26;17,29;17,63;13,4;8,68;4,59;2,19;0,77;0,25;0
2021;Brasil;Total - Federal, Estadual, Municipal e Privada;Rural;Total;709,45;728,22;182,29;193,48;235,18;235;226,72;225,72;249,16;244,65;286,97;287,51;255,13;251,42;23,68;8,76;10,95;11,57;15,27;13,71;9,29;5,27;1,49;9,67;8,76;13,09;14,48;16,09;17,28;10,14;6,25;4,23;12,68;19,03;17,59;15,76;13,58;10,24;6,41;3,14;1,35;0,21;4,24;13,81;21,07;20,88;16,13;11,31;6,89;3,46;1,49;0,69;0,02;25,8;17,85;18,26;16,07;11,91;6,73;2,69;0,68;0,02;26,11;17,58;18,5;16,15;11,91;6,25;2,32;0,85;0,33;0;30,39;21,19;19,84;14,21;8,51;3,99;1,41;0,38;0,07;0,01;32,69;19,61;18,14;13,72;8,86;4,73;1,69;0,47;0,1;34,26;18,55;17,39;14,19;8,96;4,63;1,63;0,37;0,02;37,52;18,56;17,33;13,2;7,47;3,7;1,45;0,55;0,17;0,05;0;11,63;10,87;15,9;19,61;18,41;14,73;6,5;2,34;0,01;12,04;10,7;15,07;22,19;16,95;12,42;6,84;2,87;0,8;0,13;0;30,68;17,34;17,16;15,04;10,46;6,22;2,4;0,68;0,02;33,5;17,32;16,98;14,62;8,96;5,07;2,3;0,92;0,27;0,06;0
2021;Brasil;Total - Federal, Estadual, Municipal e Privada;Rural;Capital;711,3;731,15;191,92;198,72;242,77;239,13;229,55;225,72;251,29;245,19;271,41;265,41;253,44;247,36;20,15;11,79;10,4;11,82;17,12;12,6;10,2;3,96;1,97;7,12;8,53;13,98;20,28;16,48;11,23;8,95;6,44;7;7,99;14,27;17,17;17,93;17,05;12,78;7,8;3,38;1,49;0,15;2,98;9,8;18,66;22,81;19,58;13,13;7,9;3,63;1,16;0,35;0;18,87;17,17;19,98;18;14,66;7,93;2,84;0,51;0,03;20,94;19,02;19,52;17,76;13,06;6,67;2,22;0,58;0,22;0;25,73;23,54;20,01;15,46;9,21;4,87;1,03;0,05;0,07;0,03;34,64;16,91;18,66;14,02;8,04;5,96;1,23;0,35;0,17;32,46;17,05;18,71;16,54;9,36;4,17;1,47;0,2;0,04;35,01;19,45;19,32;14,06;7,2;3,78;0,84;0,23;0,11;0;0;17,92;13,99;21,83;12,59;22,66;8,75;1,95;0,3;0;21,8;12,07;20,27;22,45;16,06;5,73;1,61;0;0;0;0;30,9;16,72;19,04;16,12;10,79;4,66;1,52;0,21;0,03;33,6;18,66;19,42;14,96;8,15;3,99;0,92;0,21;0,1;0;0
2021;Brasil;Total - Federal, Estadual, Municipal e Privada;Rural;Interior;709,38;728,1;181,95;193,3;234,96;234,89;226,65;225,72;249,09;244,63;287,31;287,99;255,19;251,55;23,83;8,63;10,97;11,56;15,2;13,75;9,26;5,32;1,47;9,78;8,77;13,06;14,24;16,08;17,54;10,18;6,24;4,12;12,85;19,2;17,6;15,69;13,46;10,15;6,36;3,13;1,35;0,21;4,28;13,95;21,15;20,82;16,01;11,25;6,86;3,45;1,5;0,7;0,02;25,99;17,87;18,21;16,01;11,83;6,69;2,68;0,69;0,02;26,26;17,54;18,47;16,1;11,88;6,24;2,32;0,86;0,33;0;30,52;21,13;19,84;14,18;8,49;3,96;1,42;0,39;0,07;0,01;32,63;19,69;18,12;13,71;8,88;4,69;1,71;0,47;0,09;34,32;18,6;17,35;14,11;8,95;4,64;1,63;0,38;0,02;37,61;18,53;17,26;13,17;7,47;3,69;1,47;0,56;0,17;0,05;0;11,49;10,8;15,78;19,76;18,32;14,86;6,6;2,39;0,01;11,83;10,67;14,95;22,18;16,97;12,56;6,95;2,94;0,81;0,13;0;30,67;17,36;17,1;15,01;10,45;6,28;2,43;0,7;0,02;33,49;17,27;16,9;14,61;8,99;5,11;2,35;0,94;0,27;0,06;0
2021;Brasil;Federal;Total;Total;768,37;766,41;253,47;257,3;310,37;325,55;313,38;302,69;330,97;350,14;322,03;325,96;322,77;327,97;4,67;1,96;2,19;3;13,41;25,26;25,85;16,19;7,46;0,68;1,22;4,51;9,88;11,48;24,1;30,74;11,41;5,97;0,09;1,51;1,57;7,63;13,37;23,28;18,52;21,35;10,48;2,21;0;0,23;3,91;5,27;13,79;15,9;26,97;19,69;8;6,13;0,11;2,46;2,27;4,24;8,39;16,63;24,37;25,82;14,93;0,89;0,82;2,08;3,39;7,36;14,42;18,73;19,06;18,3;15,84;0;2,99;2,41;5,37;11,76;12,35;25,44;14,49;16,02;6,54;2,62;1,81;2,86;9,67;10,85;19,61;25,39;14,99;8,92;5,89;5,24;0,93;5,39;8,04;14,55;26,42;25,14;13,79;0,51;4,18;2,28;4,47;6,78;12,56;13,59;19,58;14,37;13,92;8,27;0;2,9;3,02;7,09;11,94;21,65;27,31;19,34;6,37;0,38;3,52;4,42;7,98;12,45;18,07;20,36;17,07;10,12;4,53;1,48;0;3,09;2,85;6,95;11,61;21,06;27,23;19,82;6,99;0,39;3,57;4,24;7,69;11,98;17,61;19,8;17,28;10,47;5,31;2,04;0
2021;Brasil;Federal;Total;Capital;772,21;768,54;255,95;260,63;311,09;327,57;314,18;301,96;334;355,28;325,08;332,56;327,52;338,79;4,09;0,65;1,62;1,46;13,84;27,47;25,87;17,77;7,24;0,54;0,51;4,17;8,38;11,35;24,7;33,48;11,3;5,58;0,1;1,57;1,08;6,18;13,2;22,9;18,59;22,6;11,32;2,45;0;0,25;3,57;4,54;11,73;15,04;27,87;21,53;8,55;6,8;0,12;2,34;2,2;4,29;8,06;16,54;24,18;26,03;15,52;0,82;0,72;1,89;2,99;6,87;14,21;18,64;18,83;18,92;16,94;0;3,22;2,42;5,12;11,3;11,99;25,84;14,18;16,32;6,98;2,62;1,75;2,86;10,37;10,57;19,15;26,85;14,61;8,1;5,73;4,83;0,93;4,07;7,11;14,2;26,77;26,01;15,65;0,43;3,68;0,91;3,2;6,39;12,7;13,21;21,1;15,24;14,62;8,95;0;3,62;2,88;5,68;8,81;20,97;28,63;22,37;6,82;0,22;3,5;5,63;7,52;7,25;17,13;19,81;15,45;12,82;8,32;2,58;0;3,95;2,35;5,24;8,35;19,12;28,12;23,37;9,24;0,28;3,55;4,33;6,34;7,01;15,91;18;17;13,49;10,05;4,33;0
2021;Brasil;Federal;Total;Interior;743,5;752,58;230,76;226,85;305,33;311,34;306,27;308,69;320,94;333,16;321,34;324,47;321,33;324,69;8,47;10,49;5,91;12,99;10,65;10,94;25,72;5,94;8,88;1,61;5,88;6,71;19,62;12,31;20,17;13,03;12,17;8,5;0;0,96;6,02;20,9;14,84;26,68;17,84;9,87;2,89;0;0;0;7;11,9;32,7;23,73;18,76;2,93;2,98;0;0;3,33;2,8;3,86;10,67;17,28;25,7;24,28;10,75;1,33;1,51;3,47;6,22;10,84;15,87;19,41;20,66;13,96;8,07;0;0,91;2,37;7,56;15,87;15,48;21,9;17,19;13,42;2,65;2,65;2,37;2,86;3,79;13,15;23,44;13,31;18,13;15,75;7,2;6,59;0,92;9,77;11,09;15,7;25,24;22,26;7,62;0,81;5,81;6,81;8,69;8,1;12,11;14,86;14,56;11,47;11,59;6;0;2,73;3,06;7,41;12,64;21,8;27,01;18,66;6,27;0,42;3,52;4,14;8,09;13,63;18,28;20,49;17,44;9,51;3,68;1,23;0;2,83;3;7,47;12,6;21,65;26,97;18,75;6,31;0,43;3,58;4,21;8,1;13,49;18,13;20,35;17,37;9,56;3,88;1,35;0
2021;Brasil;Federal;Urbana;Total;768,71;766,74;253,95;257,64;310,44;325,71;313,57;302,69;331,2;350,6;323,79;328,16;324,48;330,25;4,73;1,74;2,09;2,91;13,33;25,45;26,17;16,27;7,31;0,69;1,13;4,34;9,78;11,4;24,39;30,79;11,44;6,04;0,09;1,54;1,49;7,14;13,45;23,3;18,58;21,55;10,63;2,24;0;0,23;3,86;5,04;13,69;15,82;27,15;19,97;7,91;6,22;0,11;2,47;2,28;4,25;8,3;16,62;24,38;25,83;14,97;0,89;0,82;2,09;3,37;7,24;14,37;18,76;19,11;18,35;15,88;0;2,96;2,38;5,35;11,65;12,35;25,49;14,54;16,08;6,57;2,63;1,81;2,86;9,67;10,85;19,61;25,39;14,99;8,92;5,89;5,27;0,93;5,28;7,79;14,49;26,58;25,29;13,87;0,52;4,2;2,29;4,05;6,68;12,64;13,67;19,7;14,45;14;8,32;0;2,6;2,7;6,72;11,35;21,49;27,79;20,21;6,71;0,43;3,17;4,12;7,7;11,73;17,71;20,77;17,7;10,58;4,88;1,63;0;2,85;2,54;6,59;11,02;20,84;27,67;20,68;7,37;0,44;3,27;3,95;7,36;11,26;17,24;20,11;17,89;10,94;5,73;2,25;0
2021;Brasil;Federal;Urbana;Capital;772,21;768,54;255,95;260,63;311,09;327,57;314,18;301,96;334;355,28;326,24;334,1;328,41;340,01;4,09;0,65;1,62;1,46;13,84;27,47;25,87;17,77;7,24;0,54;0,51;4,17;8,38;11,35;24,7;33,48;11,3;5,58;0,1;1,57;1,08;6,18;13,2;22,9;18,59;22,6;11,32;2,45;0;0,25;3,57;4,54;11,73;15,04;27,87;21,53;8,55;6,8;0,12;2,34;2,2;4,29;8,06;16,54;24,18;26,03;15,52;0,82;0,72;1,89;2,99;6,87;14,21;18,64;18,83;18,92;16,94;0;3,22;2,42;5,12;11,3;11,99;25,84;14,18;16,32;6,98;2,62;1,75;2,86;10,37;10,57;19,15;26,85;14,61;8,1;5,73;4,83;0,93;4,07;7,11;14,2;26,77;26,01;15,65;0,43;3,68;0,91;3,2;6,39;12,7;13,21;21,1;15,24;14,62;8,95;0;3,41;2,58;5,33;8,76;20,77;29,03;22,9;6,98;0,23;3,07;5,61;7,25;6,82;16,94;20,15;15,82;13,16;8,54;2,64;0;3,81;2,12;4,98;8,3;18,94;28,4;23,77;9,4;0,28;3,24;4,29;6,12;6,7;15,76;18,21;17,29;13,74;10,24;4,41;0
2021;Brasil;Federal;Urbana;Interior;743,74;753,93;232,64;225,82;305,74;312,28;307,96;308,69;321,7;334,75;323,16;326,64;323,12;326,87;9,32;9,54;5,5;13,29;9,71;11,04;28,3;5,53;7,76;1,78;5,56;5,56;19,76;11,72;22,19;11,6;12,48;9,35;0;1,12;5,84;17,3;16,1;27,54;18,43;10,32;3,36;0;0;0;6,98;10,34;34,55;24,1;19,5;3,41;1,12;0;0;3,41;2,87;3,95;9,97;17,22;25,84;24,38;11;1,36;1,54;3,55;6,13;9,91;15,53;19,63;21,15;14,3;8,27;0;0,56;2,07;7,44;14,87;15,63;22,27;17,78;13,89;2,75;2,75;2,37;2,86;3,79;13,15;23,44;13,31;18,13;15,75;7,2;6,76;0,94;9,38;10,07;15,46;25,9;22,85;7,82;0,83;5,96;6,98;6,95;7,66;12,43;15,25;14,95;11,77;11,89;6,16;0;2,39;2,74;7,08;12,01;21,67;27,47;19,51;6,64;0,49;3,2;3,74;7,82;12,98;17,91;20,93;18,19;9,91;3,94;1,37;0;2,52;2,69;7,15;11,96;21,5;27,42;19,61;6,67;0,5;3,28;3,83;7,79;12,83;17,76;20,77;18,1;9,97;4,16;1,51;0
2021;Brasil;Federal;Rural;Total;741,13;739,11;219,28;233,11;288,23;271,82;257,78;0;291,87;272,73;309,16;309,89;309,08;309,72;0;20;10;10;20;10;0;10;20;0;9,09;18,18;18,18;18,18;0;27,27;9,09;0;0;0;7,14;42,86;7,14;21,43;14,29;7,14;0;0;0;0;7,14;21,43;21,43;21,43;14,29;0;14,29;0;0;0;0;0;40;20;20;20;0;0;0;0;10;50;30;10;0;0;0;0;11,11;11,11;11,11;44,44;11,11;11,11;0;0;0;0;;;;;;;;;;0;0;25;50;25;0;0;0;0;0;0;75;25;0;0;0;0;0;0;0;5,06;5,36;9,79;16,24;22,8;23,81;13,02;3,9;0,03;6,02;6,56;10,05;17,74;20,67;17,38;12,44;6,78;2,02;0,35;0;5,03;5,34;9,86;16,39;22,81;23,7;12,96;3,88;0,03;5,99;6,53;10,34;17,77;20,58;17,3;12,39;6,75;2,01;0,35;0
2021;Brasil;Federal;Rural;Capital;;;;;;;;;;;280,57;273,71;280,57;273,71;;;;;;;;;;;;;;;;;;;;;;;;;;;;;;;;;;;;;;;;;;;;;;;;;;;;;;;;;;;;;;;;;;;;;;;;;;;;;;;;;;;;;;;;;;;;;;;;;;11,7;14,41;19,06;10,86;28,6;13,05;1,82;0,51;0;20;6,38;17,86;23,52;24,31;6,8;1,12;0;0;0;0;11,7;14,41;19,06;10,86;28,6;13,05;1,82;0,51;0;20;6,38;17,86;23,52;24,31;6,8;1,12;0;0;0;0
2021;Brasil;Federal;Rural;Interior;741,13;739,11;219,28;233,11;288,23;271,82;257,78;0;291,87;272,73;310,32;311,35;310,23;311,18;0;20;10;10;20;10;0;10;20;0;9,09;18,18;18,18;18,18;0;27,27;9,09;0;0;0;7,14;42,86;7,14;21,43;14,29;7,14;0;0;0;0;7,14;21,43;21,43;21,43;14,29;0;14,29;0;0;0;0;0;40;20;20;20;0;0;0;0;10;50;30;10;0;0;0;0;11,11;11,11;11,11;44,44;11,11;11,11;0;0;0;0;;;;;;;;;;0;0;25;50;25;0;0;0;0;0;0;75;25;0;0;0;0;0;0;0;4,79;5;9,41;16,46;22,56;24,24;13,47;4,04;0,03;5,45;6,56;9,73;17,5;20,52;17,81;12,9;7,06;2,1;0,36;0;4,76;4,98;9,49;16,61;22,57;24,13;13,41;4,02;0,03;5,43;6,53;10,03;17,54;20,43;17,72;12,84;7,02;2,09;0,36;0
2021;Brasil;Estadual;Total;Total;725,08;740,68;210,47;218,7;256,02;253,53;239,48;245,38;268,44;261,4;293,54;289,63;270,13;263,31;12,67;9,97;12,27;12,9;13,47;15,32;14,3;6,89;2,21;3,09;6,47;10,66;19,01;19,2;15,67;12,95;7,94;4,99;4,67;8,69;12,1;15,84;18,28;17,51;12,86;6,66;3,03;0,37;1,55;5,35;11,46;17,33;20,12;18,68;13,58;7,66;3,17;1,07;0,03;14,67;12,42;16,26;18,84;17,78;12,64;5,84;1,51;0,03;14,62;13,54;17,47;19,22;18,25;11,22;4,14;1,19;0,35;0;21,09;18,78;20,21;17,84;12,02;6,46;2,63;0,81;0,14;0,03;19,17;15,73;18,95;18,16;14,57;8,52;3,59;1,1;0,22;21,27;14,52;17,59;18,17;15,17;9,24;3,43;0,6;0,02;24,65;16,26;18,9;18,09;12,09;6,49;2,51;0,77;0,2;0,04;0;10,93;8,66;13,01;17,34;20,31;18,43;9,01;2,25;0,06;12,26;10,14;15,15;19,18;17,29;13,69;7,73;3,19;1,14;0,23;0;20,57;14,12;17,28;18,11;15,51;9,86;3,81;0,72;0,02;23,81;15,84;18,64;18,16;12,45;6,98;2,86;0,93;0,26;0,06;0
2021;Brasil;Estadual;Total;Capital;720,84;738,24;210,88;219,25;255,75;250,76;240,87;244,35;271,68;261,63;299,18;293,94;273,68;263,98;14,5;11,88;11,31;11,6;16,26;12,96;13,26;6,19;2,04;4,02;6,75;10,6;18,21;17,8;19,48;13,05;7,97;2,14;4,56;8,34;11,82;15,99;18,74;17,57;13,16;6,57;2,89;0,34;1,49;5,09;11,05;17,3;20,51;18,95;13,72;7,75;3,1;1,02;0,03;14,35;12,83;16,34;19,2;17,76;12,46;5,61;1,43;0,02;15,24;14,56;18,4;19,5;17,55;10,08;3,41;0,97;0,28;0;19,64;18,49;20,07;19,37;12,51;6,23;2,57;0,93;0,16;0,03;18,94;15,78;19,74;19,22;14,33;7,77;2,94;1,05;0,23;19,46;13,61;17,2;18,66;16,37;10,22;3,79;0,67;0,02;23,87;16,31;19,5;18,73;12,1;6,28;2,31;0,68;0,19;0,03;0;9,18;7,02;11,31;16,53;22,6;20,65;10,04;2,59;0,07;10,51;8,5;14,82;19,7;18,39;14,82;8,28;3,29;1,38;0,3;0;18,71;13,13;16,77;18,5;16,82;10,98;4,25;0,81;0,02;22,9;15,74;19,16;18,8;12,56;6,9;2,75;0,87;0,28;0,05;0
2021;Brasil;Estadual;Total;Interior;728,1;742,42;210,22;218,37;256,09;254,29;239,1;245,66;267,57;261,34;291,87;288,35;269,18;263,12;11,36;8,61;12,96;13,83;11,48;16,99;15,05;7,38;2,33;2,43;6,28;10,7;19,59;20,2;12,96;12,89;7,92;7,03;4,74;8,91;12,27;15,75;17,99;17,48;12,67;6,71;3,11;0,38;1,58;5,52;11,7;17,35;19,88;18,52;13,5;7,6;3,21;1,11;0,03;14,76;12,31;16,23;18,75;17,78;12,7;5,9;1,53;0,04;14,45;13,26;17,22;19,15;18,44;11,53;4,34;1,25;0,36;0;21,48;18,85;20,25;17,42;11,88;6,52;2,65;0,77;0,14;0,03;19,23;15,72;18,73;17,87;14,63;8,72;3,77;1,11;0,22;21,75;14,76;17,69;18,03;14,85;8,97;3,34;0,59;0,02;24,86;16,24;18,74;17,92;12,09;6,55;2,56;0,79;0,2;0,05;0;11,45;9,15;13,51;17,59;19,62;17,77;8,7;2,15;0,06;12,77;10,62;15,24;19,02;16,97;13,35;7,57;3,16;1,07;0,21;0;21,07;14,39;17,42;18;15,16;9,55;3,69;0,69;0,02;24,06;15,87;18,5;17,99;12,42;7;2,89;0,95;0,26;0,06;0
2021;Brasil;Estadual;Urbana;Total;725,2;740,68;211,31;219,49;256,64;254,05;239,78;245,87;269,54;262,37;294,8;290,53;271,2;264,23;12,61;9,99;12,31;12,96;13,3;15,36;14,31;6,95;2,21;3,07;6,44;10,65;18,99;19,23;15,79;12,98;8,01;4,84;4,46;8,39;11,93;15,8;18,4;17,71;13,06;6,78;3,09;0,37;1,47;5,08;11,19;17,22;20,23;18,9;13,76;7,79;3,22;1,1;0,03;14,37;12,25;16,17;18,91;17,94;12,83;5,94;1,54;0,03;14,31;13,43;17,43;19,3;18,43;11,36;4,19;1,21;0,35;0;20,82;18,79;20,19;17,98;12,03;6,51;2,67;0,83;0,15;0,03;18,83;15,71;18,94;18,23;14,71;8,58;3,64;1,13;0,22;20,54;14,29;17,59;18,38;15,51;9,5;3,54;0,62;0,02;23,92;16,12;18,97;18,36;12,36;6,66;2,58;0,79;0,2;0,04;0;10,64;8,38;12,54;17,02;20,58;19,06;9,43;2,28;0,07;12,14;9,94;14,94;18,77;17,45;13,94;8;3,36;1,22;0,25;0;19,89;13,9;17,26;18,29;15,85;10,13;3,93;0,73;0,02;23,15;15,71;18,71;18,39;12,69;7,14;2,93;0,96;0,27;0,06;0
2021;Brasil;Estadual;Urbana;Capital;720,7;738,39;211,21;219,59;255,95;250,93;241,07;244,57;271,86;261,78;299,37;294,14;273,87;264,14;14,56;11,89;11,41;11,61;16,16;12,92;13,18;6,24;2,03;4,03;6,79;10,54;17,96;17,73;19,66;13,12;8,08;2,09;4,49;8,25;11,76;15,94;18,77;17,62;13,27;6,63;2,92;0,35;1,45;5;10,94;17,24;20,53;19,02;13,78;7,83;3,14;1,03;0,03;14,28;12,77;16,28;19,19;17,82;12,53;5,65;1,45;0,02;15,16;14,5;18,38;19,51;17,62;10,13;3,43;0,98;0,29;0;19,53;18,44;20,04;19,44;12,55;6,27;2,59;0,94;0,16;0,04;18,76;15,75;19,75;19,3;14,41;7,78;2,96;1,06;0,23;19,34;13,58;17,19;18,68;16,43;10,28;3,82;0,67;0,02;23,77;16,28;19,5;18,77;12,14;6,3;2,33;0,68;0,19;0,03;0;9,08;7;11,27;16,54;22,63;20,73;10,07;2,6;0,07;10,43;8,45;14,8;19,7;18,45;14,88;8,31;3,3;1,39;0,3;0;18,59;13,1;16,75;18,53;16,88;11,04;4,27;0,81;0,02;22,79;15,71;19,15;18,84;12,6;6,93;2,77;0,87;0,28;0,05;0
2021;Brasil;Estadual;Urbana;Interior;728,5;742,36;211,37;219,42;256,84;254,94;239,42;246,23;268,88;262,53;293,31;289,35;270,44;264,25;11,18;8,59;12,98;13,95;11,21;17,15;15,13;7,47;2,34;2,36;6,18;10,73;19,74;20,34;12,95;12,87;7,96;6,86;4,44;8,48;12,04;15,72;18,16;17,77;12,93;6,87;3,19;0,39;1,48;5,13;11,34;17,21;20,04;18,82;13,75;7,77;3,28;1,14;0,03;14,39;12,11;16,14;18,83;17,98;12,92;6,02;1,57;0,04;14,07;13,12;17,16;19,24;18,66;11,7;4,4;1,27;0,37;0;21,18;18,89;20,24;17,57;11,88;6,58;2,69;0,8;0,15;0,03;18,85;15,69;18,71;17,93;14,8;8,81;3,83;1,15;0,22;20,88;14,49;17,71;18,3;15,26;9,28;3,46;0,61;0,02;23,97;16,07;18,83;18,24;12,41;6,76;2,65;0,82;0,2;0,05;0;11,15;8,84;12,96;17,18;19,9;18,51;9,22;2,18;0,06;12,7;10,43;14,99;18,46;17,12;13,63;7,9;3,38;1,16;0,23;0;20,26;14,13;17,4;18,22;15,55;9,87;3,83;0,71;0,02;23,25;15,71;18,58;18,25;12,72;7,2;2,98;0,98;0,26;0,06;0
2021;Brasil;Estadual;Rural;Total;721,87;740,6;189,16;198,82;241,44;241,37;232,9;234,73;248,25;243,6;278,01;278,57;251,08;246,93;14,27;9,55;11,17;11,28;17,99;14,16;14,19;5,17;2,21;3,66;7,44;10,87;19,71;18,29;12,38;12,38;6,1;9,17;9,92;16,3;16,3;16,79;15,22;12,45;7,68;3,66;1,48;0,2;3,52;12,33;18,28;20,08;17,2;13,17;9,07;4,17;1,74;0,44;0;21,75;16,35;18,23;17,41;13,94;8,22;3,39;0,69;0,03;21,69;16,21;18,58;17,48;13,96;8,12;2,96;0,76;0,23;0;26,96;18,48;20,56;14,67;11,8;5,36;1,91;0,2;0,04;0,03;26,6;16,31;19,15;16,52;11,29;7,03;2,46;0,42;0,21;34,64;18,73;17,56;14,2;8,79;4,33;1,48;0,26;0,01;37,98;18,79;17,45;13,18;7,31;3,39;1,31;0,42;0,13;0,05;0;14,52;12,06;18,73;21,33;16,95;10,75;3,81;1,85;0;13,72;12,54;17,68;24,24;15,42;10,64;4,42;1,07;0,25;0,02;0;32,73;18,1;17,67;14,88;9,57;4,94;1,7;0,41;0,01;35,67;18,19;17,47;14,24;8,08;4,08;1,61;0,48;0,14;0,04;0
2021;Brasil;Estadual;Rural;Capital;728,06;729,89;195,7;203,77;241,61;238,4;226,68;228,26;249,08;242,77;254,05;246,67;249,27;242,92;11,27;11,44;6,14;10,58;21,7;15,15;17,26;3,73;2,74;3,29;4,51;13,69;31,09;21,42;9,62;9,16;2,3;4,91;7,68;12,62;14,87;18,31;17,56;15;8,21;3,98;1,63;0,15;2,98;9,01;16,17;19,98;19,39;15,66;11,04;3,98;1,43;0,35;0;19,13;17,02;20,41;19,56;13,19;7,46;2,78;0,41;0,03;20,5;19,12;20,01;18,75;12,97;6,49;1,83;0,25;0,07;0;27,98;21,91;22,49;14,08;9,55;3,3;0,7;0;0;0;31,53;18;19,62;13,43;8,6;6,49;1,53;0,45;0,35;33,71;17,57;18,98;15,99;8,96;3,54;1,14;0,07;0,04;36,23;20,09;19,57;13,55;6,78;3,15;0,39;0,24;0;0;0;33,53;12,82;20,99;13,8;14,57;1,66;2,64;0;0;30,21;21,66;20,84;19,6;3,4;2,64;1,66;0;0;0;0;33,7;17,38;19,05;15,91;9,18;3,47;1,2;0,07;0,04;35,99;20,15;19,62;13,79;6,65;3,13;0,44;0,23;0;0;0
2021;Brasil;Estadual;Rural;Interior;720,16;743,54;187,4;197,49;241,42;241,6;233,35;235,2;248,22;243,63;278,32;278,99;251,14;247,06;15,09;9,03;12,55;11,48;16,96;13,89;13,35;5,57;2,07;3,76;8,25;10,1;16,58;17,43;13,13;13,27;7,15;10,34;10,53;17,29;16,69;16,37;14,59;11,77;7,54;3,57;1,44;0,21;3,67;13,22;18,85;20,11;16,62;12,5;8,54;4,22;1,82;0,46;0;21,95;16,3;18,06;17,25;13,99;8,28;3,43;0,71;0,03;21,78;15,98;18,47;17,39;14,04;8,25;3,05;0,8;0,24;0;26,88;18,23;20,42;14,71;11,96;5,51;2;0,21;0,04;0,03;26,24;16,19;19,12;16,75;11,49;7,07;2,52;0,42;0,2;34,67;18,77;17,51;14,14;8,78;4,36;1,49;0,27;0,01;38,04;18,74;17,37;13,17;7,33;3,4;1,34;0,43;0,14;0,05;0;14,28;12,05;18,7;21,43;16,98;10,86;3,83;1,88;0;13,51;12,42;17,63;24,3;15,57;10,75;4,46;1,08;0,25;0,02;0;32,69;18,12;17,62;14,85;9,58;4,99;1,72;0,42;0,01;35,66;18,13;17,4;14,25;8,13;4,11;1,64;0,49;0,15;0,05;0
2021;Brasil;Municipal;Total;Total;713,9;733,9;199,59;208,3;248,7;246,05;235,88;236,7;283,46;281,15;308,43;302,8;289,77;286,62;18,09;11,02;11,91;14,5;14,35;12,88;10,38;5,41;1,46;5,32;9,25;12,29;16,24;17,94;17,1;11,55;6,84;3,48;7,08;12,29;14,64;16,62;17,04;14,81;10,04;4,98;2,2;0,28;2,35;8,13;15,43;19,63;19,31;15,78;10,59;5,64;2,29;0,82;0,03;17,95;14,58;17,54;18,27;15,64;10,24;4,53;1,22;0,03;18,64;15,41;18,42;18,5;15,6;8,84;3,17;1,05;0,36;0;23,61;19,72;20,12;17,01;10,64;5,58;2,45;0,67;0,17;0,02;24,63;18,13;18,7;16,3;11,76;6,78;2,68;0,84;0,17;16,27;10,71;13,98;15,66;20,14;14,32;7,1;1,82;0,01;16,78;11,42;14,71;18,98;16,56;11;7,49;2,3;0,65;0,11;0;4,78;4,96;8,91;17,83;24,68;23,64;12,24;2,91;0,05;5,18;8,03;12,12;20,8;21,48;18,79;8,61;3,47;1,21;0,31;0;13,37;9,26;12,7;16,21;21,29;16,68;8,4;2,09;0,02;13,85;10,56;14,05;19,44;17,81;12,97;7,77;2,59;0,79;0,16;0
2021;Brasil;Municipal;Total;Capital;711,53;735,62;200,71;207,75;255,81;250,63;239,31;242,11;280,68;272;268,68;268,34;280,06;271,81;18,13;11,34;13,53;14,47;13,96;13,84;9,37;3,53;1,83;4,72;7,72;13,53;17,32;18;14,49;12,1;9,04;3,08;6,4;11,43;14,54;17,01;17,82;15,55;10,26;4,81;1,96;0,21;2,18;7,23;14,89;20,35;21,02;16,75;10,53;4,89;1,69;0,45;0,01;14,1;12,58;16,7;19,41;18,07;12,33;5,35;1,42;0,04;14,61;14,56;18,97;20,14;17,66;9,9;3,1;0,83;0,22;0;20,3;19,26;19,71;19,57;11,89;6,16;2,19;0,59;0,33;0;20,02;16,91;20,22;18,34;13,56;7,12;2,88;0,8;0,15;13,57;11,12;17,16;19,63;21,49;12,46;3,88;0,7;0;14,62;17,68;18,3;22,14;16,63;7,9;2,08;0,51;0,14;0;0;0;26,25;40,11;18,44;9,22;5,99;0;0;0;8,28;26,25;22,61;29,95;3,23;6,46;3,23;0;0;0;0;12,87;11,9;18,34;19,57;20,85;12,12;3,68;0,67;0;14,29;18,12;18,52;22,55;15,94;7,82;2,14;0,48;0,14;0;0
2021;Brasil;Municipal;Total;Interior;714,33;733,58;199,39;208,4;247,36;245,19;235,23;235,68;283,75;282,1;309,04;303,33;290,55;287,81;18,08;10,96;11,61;14,5;14,42;12,7;10,57;5,76;1,4;5,43;9,53;12,07;16,04;17,92;17,58;11,45;6,43;3,56;7,2;12,44;14,66;16,55;16,9;14,68;10;5,01;2,25;0,29;2,38;8,29;15,52;19,5;19;15,61;10,6;5,78;2,4;0,89;0,03;18,68;14,96;17,7;18,06;15,18;9,84;4,37;1,19;0,03;19,4;15,57;18,32;18,19;15,21;8,64;3,19;1,09;0,39;0;24,23;19,81;20,2;16,52;10,41;5,48;2,49;0,69;0,14;0,02;25,5;18,36;18,42;15,92;11,43;6,72;2,64;0,84;0,18;16,55;10,66;13,64;15,25;20;14,52;7,43;1,93;0,01;17,01;10,77;14,33;18,65;16,56;11,32;8,05;2,48;0,71;0,13;0;4,85;4,63;8,43;17,82;24,92;23,91;12,43;2,96;0,05;5,13;7,75;11,95;20,66;21,76;18,98;8,7;3,52;1,23;0,32;0;13,41;9,04;12,24;15,94;21,32;17,04;8,78;2,21;0,02;13,82;9,96;13,69;19,19;17,96;13,38;8,22;2,76;0,85;0,18;0
2021;Brasil;Municipal;Urbana;Total;714,7;734,83;202,63;210,88;252,38;249,15;238,53;239,97;288,72;286,36;308,88;303,02;294,21;290,9;17,25;11,29;12,01;14,87;14,25;12,79;10,58;5,46;1,49;4,69;9,28;12,16;16,48;18,19;17,06;11,75;6,92;3,47;6,1;11,11;14,11;16,77;17,65;15,62;10,68;5,32;2,35;0,29;2,02;7,14;14,44;19,42;19,85;16,56;11,25;6,02;2,43;0,84;0,03;15,81;13,68;17,36;18,88;16,67;11,19;5,02;1,36;0,03;16,56;14,79;18,4;19,14;16,62;9,6;3,42;1,1;0,36;0;21,74;19,18;20,23;17,72;11,37;6,07;2,74;0,74;0,2;0,03;22,28;17,56;18,89;17,09;12,63;7,44;2,98;0,92;0,2;13,57;9,32;13,62;16,12;21,74;15,72;7,9;2;0,01;13,59;10,71;14,31;19,9;17,78;11,98;8,33;2,55;0,73;0,13;0;4,81;4,89;8,45;17,81;24,67;23,95;12,42;2,95;0,05;5,26;7,91;11,9;20,77;21,61;18,83;8,65;3,52;1,23;0,32;0;11,18;8,12;12,22;16,58;22,53;17,96;9,14;2,26;0,02;11,32;9,94;13,65;20,14;18,82;13,85;8,42;2,81;0,87;0,18;0
2021;Brasil;Municipal;Urbana;Capital;711,73;735,76;200,98;208,03;256,12;250,91;239,51;242,57;280,68;272;260,86;249,29;280,28;271,53;17,98;11,33;13,55;14,52;13,94;13,9;9,42;3,53;1,83;4,63;7,66;13,51;17,34;18,08;14,55;12,17;9,07;2,99;6,36;11,34;14,44;16,99;17,85;15,64;10,33;4,86;1,98;0,21;2,17;7,16;14,77;20,26;21,06;16,86;10,62;4,92;1,71;0,46;0,01;13,99;12,46;16,63;19,46;18,14;12,43;5,41;1,44;0,04;14,45;14,46;18,96;20,22;17,76;9,98;3,11;0,83;0,22;0;20,2;19,12;19,74;19,64;11,97;6,17;2,23;0,6;0,33;0;19,62;16,91;20,26;18,43;13,71;7,18;2,93;0,82;0,15;13,57;11,12;17,16;19,63;21,49;12,46;3,88;0,7;0;14,62;17,68;18,3;22,14;16,63;7,9;2,08;0,51;0,14;0;0;0;42,86;28,57;14,29;7,14;7,14;0;0;0;21,43;42,86;0;35,71;0;0;0;0;0;0;0;13,29;11,77;17,39;19,52;21,19;12,35;3,8;0,69;0;14,76;18,2;17,92;22,42;16,29;7,74;2,04;0,5;0,14;0;0
2021;Brasil;Municipal;Urbana;Interior;715,32;734,63;202,99;211,48;251,49;248,72;238,29;239,35;289,67;288,06;309,17;303,34;295,4;292,55;17,1;11,28;11,69;14,95;14,31;12,56;10,82;5,87;1,42;4,71;9,62;11,88;16,31;18,21;17,58;11,66;6,48;3,56;6,04;11,06;14,04;16,73;17,6;15,62;10,75;5,41;2,43;0,31;1,99;7,14;14,37;19,24;19,59;16,49;11,39;6,25;2,59;0,92;0,03;16,24;13,97;17,53;18,74;16,32;10,89;4,93;1,34;0,03;17,06;14,86;18,27;18,89;16,35;9,51;3,5;1,16;0,4;0;22,11;19,19;20,35;17,26;11,23;6,05;2,86;0,77;0,16;0,03;22,91;17,72;18,57;16,77;12,37;7,51;2,99;0,95;0,21;13,57;9,11;13,2;15,7;21,77;16,1;8,38;2,15;0,02;13,46;9,88;13,83;19,63;17,91;12,47;9,07;2,79;0,8;0,14;0;4,83;4,66;8,33;17,83;24,77;24,06;12,5;2,97;0,05;5,16;7,7;11,98;20,68;21,74;18,94;8,7;3,54;1,24;0,32;0;11;7,8;11,77;16,32;22,65;18,44;9,59;2,39;0,02;11,02;9,24;13,29;19,94;19,04;14,37;8,96;3,01;0,93;0,2;0
2021;Brasil;Municipal;Rural;Total;707,6;726,64;181,29;192,75;233,38;233,17;224,92;223,16;241,05;239,1;279,05;288,67;242,73;241,29;24,64;8,86;11,08;11,54;15,17;13,57;8,86;4,98;1,29;10,2;8,98;13,37;14,29;15,98;17,42;9,94;6,18;3,64;12,98;19,38;17,83;15,71;13,41;9,96;6,23;2,99;1,31;0,21;4,32;14,04;21,39;20,94;16,06;11,11;6,6;3,37;1,45;0,69;0,02;26,88;18,31;18,31;15,75;11,32;6,26;2,47;0,67;0,02;27,31;17,99;18,51;15,84;11,36;5,67;2,13;0,85;0,35;0;31,34;22;19,68;14,06;7,62;3,57;1,24;0,41;0,07;0;34,38;20,47;17,91;13,03;8,18;4,03;1,45;0,47;0,07;38,07;21,88;16,82;11,98;7,24;3,07;0,59;0,36;0;42,59;17,17;17,92;11,53;6,78;3,09;0,69;0,25;0;0;0;3,18;9,77;38,84;19,38;25,57;3,26;0;0;0;0;16,12;25,97;22,64;12,79;16,04;6,43;0;0;0;0;36,53;21,34;17,79;12,31;8,05;3,08;0,56;0,34;0;40,71;17,12;18,27;12,02;7,04;3,66;0,94;0,23;0;0;0
2021;Brasil;Municipal;Rural;Capital;702,35;729,19;188,82;195,13;240,72;236,99;228,81;219,17;;;273,61;280,33;273,61;280,33;24,96;12,19;12,46;11,95;15,08;10,99;7,05;3,63;1,7;9,13;10,66;14,45;16,38;14,44;11,41;8,6;7,67;7,25;8,35;15,48;18,68;17,99;16,36;11,59;7,24;2,77;1,39;0,15;2,98;10,43;20,54;24,39;19,22;11,78;6,29;3,22;0,89;0,26;0;19,67;18,44;20,09;17,2;14,55;7,31;2,34;0,4;0;22,72;19,58;19,83;16,24;12,54;5,89;2,2;0,75;0,24;0;25,03;26,46;18,05;16,12;7,97;5,6;0,63;0;0,15;0;39,78;16,63;18,68;13,91;6,25;4,34;0,41;0;0;;;;;;;;;;;;;;;;;;;;;0;15,79;47,37;21,05;10,53;5,26;0;0;0;0;15,79;36,84;26,32;5,26;10,53;5,26;0;0;0;0;0;15,79;47,37;21,05;10,53;5,26;0;0;0;0;15,79;36,84;26,32;5,26;10,53;5,26;0;0;0;0
2021;Brasil;Municipal;Rural;Interior;707,76;726,57;181,11;192,7;233,26;233,1;224,86;223,22;241,05;239,1;287,88;302,2;241,86;240,19;24,63;8,76;11,04;11,53;15,17;13,65;8,92;5,02;1,28;10,23;8,92;13,34;14,23;16,02;17,6;9,98;6,14;3,53;13,09;19,47;17,81;15,65;13,34;9,92;6,21;2,99;1,3;0,21;4,36;14,13;21,41;20,86;15,98;11,09;6,6;3,38;1,47;0,7;0,03;27;18,31;18,28;15,73;11,27;6,24;2,47;0,68;0,02;27,39;17,96;18,49;15,83;11,34;5,67;2,13;0,85;0,35;0;31,45;21,92;19,71;14,03;7,61;3,54;1,25;0,42;0,07;0;34,3;20,53;17,9;13,02;8,21;4,03;1,46;0,48;0,07;38,07;21,88;16,82;11,98;7,24;3,07;0,59;0,36;0;42,59;17,17;17,92;11,53;6,78;3,09;0,69;0,25;0;0;0;8,33;0;25;16,67;50;0;0;0;0;0;16,67;8,33;16,67;25;25;8,33;0;0;0;0;37,56;21,5;16,96;12,06;7,98;3,02;0,58;0,35;0;41,85;17,16;17,75;11,62;7,09;3,47;0,82;0,24;0;0;0
2021;Brasil;Privada;Total;Total;772,4;771,7;240,58;250,45;288,61;291,98;282,18;282,98;314,39;322,15;289,96;288,73;313,94;321,53;1,15;1,38;2,1;7,75;13,73;24,09;24,5;15,57;9,71;1,4;0,94;2,92;7,5;18,33;22,62;18,51;15,07;12,69;0,99;2,03;5,29;10,05;16;21,54;21,47;13,84;7,23;1,56;0,43;0,81;3,98;8,75;15,49;18,8;20,03;17,96;9,81;3,87;0,06;5,58;4,41;8,78;14,72;20,79;22,92;16,21;6,36;0,23;4,1;5,21;9,25;14,19;20,68;21,48;14,51;7,18;3,39;0;6,03;7,45;13,67;15,63;18,63;18,02;12,51;5,16;2,35;0,54;5,66;7,16;12,01;17,03;18,69;19,43;13,22;5,3;1,5;6,64;3,83;7,03;12,96;21,24;25,07;17,75;5,29;0,2;5,99;4,3;8,53;13,16;17,28;17,92;15,4;10,38;5,12;1,93;0;11,56;11,26;13,47;21,15;14,54;16,47;9,28;2,27;0;12,45;9,07;18,21;21,87;13,41;12,44;6,9;3,91;0,55;1,19;0;6,73;3,96;7,15;13,11;21,12;24,91;17,6;5,23;0,2;6,11;4,39;8,71;13,32;17,21;17,82;15,24;10,26;5,04;1,91;0
2021;Brasil;Privada;Total;Capital;777,1;777,39;238,81;248,09;287,06;289,56;283,99;282,58;312,4;318,73;316,42;309,15;312,45;318,62;1,17;0,92;2,21;4,52;11,08;24,32;27,17;17,57;11,04;0,38;1,08;2,57;6,59;12,77;22,36;22,64;19,31;12,29;1,09;2,25;6,67;9,43;18,13;19,69;19,82;14,16;6,87;1,89;0,66;1,02;5,02;9,53;16,24;17,57;18,92;17,82;9,18;3,98;0,06;6,38;4,46;8,94;15,42;20,32;22,63;15,07;6,55;0,23;4,61;6,32;9,9;14,47;19,72;21,14;13,22;7,01;3,61;0;4,55;6,81;14,45;17,34;18,46;17,85;12,01;4,83;2,81;0,89;6,11;8,05;12;16,97;17;18,8;13,72;5,82;1,53;7,54;4,26;7,28;13,1;19,95;25,1;18,03;4,62;0,12;7,44;4,9;9,38;13,59;15,98;16,54;14,96;9,09;5,85;2,27;0;2,85;6,59;8,52;14,58;16,77;28,71;15,72;6,26;0;7,63;6,02;12,85;18,89;17,29;13,41;9,95;8,86;2,12;2,98;0;7,48;4,28;7,3;13,12;19,91;25,14;18,01;4,64;0,12;7,44;4,92;9,41;13,65;15,99;16,51;14,9;9,08;5,81;2,28;0
2021;Brasil;Privada;Total;Interior;769,86;768,63;241,63;251,83;289,58;293,49;281,04;283,22;315,86;324,67;280,75;281,61;315,02;323,65;1,14;1,63;2,04;9,5;15,15;23,97;23,07;14,49;8,99;1,96;0,86;3,11;7,99;21,33;22,76;16,28;12,78;12,91;0,93;1,9;4,47;10,42;14,75;22,63;22,44;13,65;7,45;1,37;0,3;0,69;3,37;8,3;15,05;19,52;20,67;18,04;10,18;3,8;0,07;5,08;4,38;8,69;14,28;21,09;23,1;16,92;6,23;0,23;3,78;4,52;8,85;14,01;21,28;21,7;15,32;7,28;3,25;0;6,96;7,86;13,19;14,56;18,74;18,13;12,82;5,37;2,06;0,31;5,39;6,6;12,01;17,06;19,75;19,82;12,9;4,98;1,48;5,97;3,51;6,83;12,86;22,19;25,05;17,55;5,78;0,26;4,92;3,85;7,9;12,84;18,24;18,94;15,73;11,33;4,58;1,67;0;14,59;12,89;15,19;23,43;13,76;12,21;7,04;0,88;0;14,12;10,14;20,07;22,91;12,06;12,11;5,84;2,18;0;0,57;0;6,18;3,73;7,03;13,11;21,99;24,74;17,3;5,66;0,25;5,14;4;8,19;13,08;18,1;18,77;15,49;11,11;4,47;1,65;0
2021;Brasil;Privada;Urbana;Total;772,43;771,68;240,68;250,65;288,83;292,22;282,42;283,09;314,46;322,25;306,69;304,76;314,37;322,07;1,15;1,39;2,09;7,7;13,74;24,13;24,57;15,53;9,71;1,42;0,94;2,91;7,49;18,35;22,6;18,56;15,11;12,63;0,98;2,01;5,29;10,01;15,97;21,54;21,52;13,85;7,26;1,57;0,43;0,79;3,94;8,66;15,48;18,79;20,03;18,05;9,86;3,89;0,07;5,51;4,37;8,73;14,7;20,8;22,98;16,29;6,4;0,23;4,04;5,17;9,19;14,17;20,7;21,52;14,58;7,22;3,41;0;5,92;7,43;13,63;15,62;18,65;18,08;12,56;5,2;2,36;0,54;5,64;7,12;11,98;17,04;18,69;19,44;13,25;5,33;1,51;6,61;3,81;7,02;12,95;21,25;25,09;17,8;5,28;0,2;5,97;4,28;8,52;13,14;17,28;17,9;15,44;10,39;5,14;1,94;0;7,83;4,51;9,14;21,29;15,66;22,53;15,38;3,66;0;6,13;5,75;19,36;19,54;13,05;16,55;10,1;6,47;0,96;2,09;0;6,62;3,81;7,04;13,04;21,19;25,06;17,77;5,26;0,2;5,97;4,3;8,63;13,21;17,24;17,89;15,38;10,35;5,09;1,94;0
2021;Brasil;Privada;Urbana;Capital;777,18;777,4;238,86;248,15;287,09;289,62;284,04;282,63;312,41;318,75;316,42;309,15;312,46;318,64;1,17;0,9;2,2;4,49;11,07;24,33;27,2;17,58;11,06;0,38;1,08;2,56;6,58;12,77;22,37;22,66;19,32;12,28;1,08;2,24;6,66;9,42;18,12;19,7;19,83;14,17;6,88;1,89;0,66;1,01;5,02;9,52;16,22;17,57;18,94;17,84;9,19;3,98;0,06;6,38;4,45;8,93;15,43;20,29;22,64;15,09;6,56;0,23;4,6;6,3;9,89;14,45;19,72;21,15;13,23;7,03;3,62;0;4,53;6,8;14,45;17,33;18,46;17,87;12,02;4,84;2,81;0,89;6,09;8,05;12;16,96;16,99;18,81;13,74;5,83;1,53;7,54;4,26;7,28;13,08;19,95;25,1;18,04;4,62;0,12;7,45;4,9;9,37;13,57;15,97;16,54;14,96;9,09;5,86;2,28;0;2,85;6,59;8,52;14,58;16,77;28,71;15,72;6,26;0;7,63;6,02;12,85;18,89;17,29;13,41;9,95;8,86;2,12;2,98;0;7,49;4,29;7,29;13,1;19,91;25,14;18,02;4,64;0,12;7,45;4,92;9,41;13,64;15,99;16,5;14,9;9,09;5,81;2,28;0
2021;Brasil;Privada;Urbana;Interior;769,84;768,57;241,76;252,13;289,92;293,86;281,4;283,38;315,98;324,86;298,63;301,12;315,8;324,62;1,14;1,65;2,03;9,45;15,19;24,03;23,13;14,41;8,98;1,98;0,86;3,09;7,98;21,4;22,73;16,32;12,82;12,82;0,92;1,87;4,47;10,35;14,7;22,63;22,53;13,66;7,48;1,38;0,3;0,67;3,3;8,16;15,04;19,52;20,67;18,18;10,26;3,83;0,07;4,96;4,31;8,61;14,24;21,12;23,19;17,04;6,29;0,23;3,68;4,45;8,75;14;21,31;21,75;15,43;7,34;3,28;0;6,8;7,83;13,12;14,54;18,78;18,22;12,9;5,42;2,07;0,32;5,36;6,54;11,96;17,08;19,77;19,84;12,94;5,01;1,5;5,91;3,47;6,82;12,86;22,22;25,08;17,61;5,77;0,26;4,86;3,82;7,88;12,82;18,26;18,91;15,79;11,36;4,61;1,69;0;11,96;2,78;9,65;26,85;14,73;17,41;15,11;1,5;0;4,88;5,52;24,76;20,08;9,54;19,15;10,23;4,49;0;1,36;0;5,98;3,46;6,85;13;22,14;25;17,59;5,72;0,26;4,86;3,84;8,06;12,9;18,17;18,91;15,73;11,29;4,56;1,69;0
2021;Brasil;Privada;Rural;Total;768,64;773,48;228,46;225,39;261,15;261,53;250,46;263,72;303,85;305,31;267,75;267,44;283,28;283,73;1,84;1,05;3,41;14,06;12,61;19,61;17,18;20,51;9,71;0,1;1,55;5,26;8,54;15,63;24,78;13,32;10,22;20,6;1,58;4,56;5,11;15,81;19,63;22,12;14,39;12,15;4,14;0,5;0,51;2,84;8,93;20,1;17,38;18,84;19,82;6,76;3,24;1,58;0;14,53;9,88;15,62;16,34;20,23;15,44;6,68;1,23;0,04;12,46;10,77;16,95;16,32;18,19;16,79;5,59;2,28;0,65;0;20,65;10,34;18,91;17,08;16,09;10,16;5,29;0,9;0,51;0,08;10,09;13,33;16,5;15,31;17,8;17,79;7,64;1,55;0;11,18;6,89;8,6;14,13;19,5;22,16;10,57;6,45;0,52;9,73;7,23;9,87;15,2;16,62;21,17;9,91;7,97;2,16;0,14;0;16,51;20,24;19,22;20,95;13,06;8,43;1,18;0,43;0;20,84;13,49;16,67;24,96;13,89;6,99;2,65;0,51;0;0;0;14,22;14,49;14,65;18,02;15,83;14,34;5,22;3,02;0,22;16,06;10,8;13,75;20,76;15,06;13,09;5,77;3,72;0,93;0,06;0
2021;Brasil;Privada;Rural;Capital;741,02;771,93;215,9;220,55;271,96;265,23;263,75;262,19;306,57;305,97;;;306,57;305,97;3,17;7,82;6,43;18,3;18,49;21,17;12,56;10,97;1,09;0,81;1,63;8,13;8,94;15,44;19,52;13,03;15,04;17,47;4,07;6,41;9,65;13,41;25,23;14,97;14,54;9,2;2,24;0,29;2,99;5,02;5,97;18,69;28,2;15,57;9,77;8,13;3,67;2;0;9,15;6,98;15,18;11,23;28,92;17,9;7,98;2,32;0,33;8,64;13,06;12,13;22,64;18,74;15,33;5,89;2,09;1,47;0;11,01;11,37;14,94;22,32;17,83;12,89;7,92;1,08;0;0,64;16,11;9,64;9,95;20,42;19,25;15,94;5,99;2,71;0;1,17;4,04;12,03;30,25;19,39;20,02;9,69;3,41;0;4,58;3,41;13,11;26,84;17,68;19,48;12,03;0;2,87;0;0;;;;;;;;;;;;;;;;;;;;;1,17;4,04;12,03;30,25;19,39;20,02;9,69;3,41;0;4,58;3,41;13,11;26,84;17,68;19,48;12,03;0;2,87;0;0
2021;Brasil;Privada;Rural;Interior;771,45;773,64;229,72;225,88;259,65;261,01;248,66;264,01;303,64;305,26;267,75;267,44;282,53;283,01;1,7;0,37;3,11;13,63;12,02;19,45;17,65;21,49;10,59;0,03;1,54;4,97;8,5;15,65;25,32;13,35;9,72;20,92;1,33;4,38;4,65;16,05;19,06;22,84;14,38;12,44;4,34;0,52;0,26;2,63;9,22;20,25;16,29;19,17;20,83;6,63;3,2;1,54;0;15,28;10,28;15,68;17,05;19,03;15,1;6,5;1,08;0;12,99;10,45;17,62;15,45;18,11;16,99;5,55;2,3;0,54;0;21,95;10,2;19,44;16,37;15,85;9,79;4,93;0,88;0,58;0;8,95;14,03;17,74;14,34;17,52;18,14;7,96;1,33;0;11,97;7,11;8,33;12,86;19,51;22,33;10,64;6,7;0,56;10,14;7,53;9,61;14,28;16,53;21,3;9,74;8,6;2,11;0,15;0;16,51;20,24;19,22;20,95;13,06;8,43;1,18;0,43;0;20,84;13,49;16,67;24,96;13,89;6,99;2,65;0,51;0;0;0;14,64;14,83;14,73;17,62;15,71;14,15;5,07;3,01;0,23;16,44;11,04;13,77;20,56;14,98;12,88;5,57;3,84;0,87;0,06;0
2021;Brasil;Total - Estadual e Municipal;Total;Total;715,61;734,94;201,4;210,03;252,48;249,91;237,74;241,18;268,52;261,5;293,89;289,94;270,26;263,45;17,26;10,86;11,96;14,25;14,22;13,25;10,98;5,64;1,58;4,98;8,82;12,04;16,66;18,13;16,88;11,76;7,01;3,72;6,68;11,69;14,22;16,49;17,25;15,26;10,51;5,26;2,34;0,3;2,22;7,67;14,77;19,25;19,44;16,26;11,09;5,98;2,44;0,86;0,03;16,26;13,46;16,88;18,57;16,74;11,48;5,2;1,37;0,03;16,56;14,44;17,93;18,88;16,97;10,07;3,67;1,12;0,35;0;22,31;19,23;20,17;17,44;11,35;6,04;2,54;0,74;0,16;0,02;21,81;16,89;18,83;17,26;13,21;7,68;3,15;0,97;0,2;21,24;14,5;17,57;18,15;15,19;9,26;3,45;0,61;0,02;24,61;16,23;18,87;18,1;12,12;6,51;2,54;0,78;0,2;0,05;0;10,79;8,57;12,91;17,36;20,41;18,55;9,08;2,26;0,06;12,09;10,09;15,08;19,22;17,39;13,81;7,75;3,2;1,14;0,23;0;20,52;14,09;17,25;18,1;15,55;9,9;3,84;0,72;0,02;23,75;15,81;18,61;18,17;12,48;7,02;2,89;0,94;0,26;0,06;0
2021;Brasil;Total - Estadual e Municipal;Total;Capital;714,55;736,47;204,06;211,54;255,77;250,7;240,23;243,43;271,7;261,65;299,13;293,9;273,69;264;16,95;11,52;12,81;13,54;14,71;13,56;10,63;4,4;1,9;4,49;7,4;12,58;17,61;17,94;16,11;12,41;8,69;2,78;5,8;10,41;13,64;16,67;18,12;16,22;11,22;5,39;2,27;0,25;1,95;6,52;13,63;19,35;20,85;17,48;11,58;5,83;2,16;0,64;0,02;14,25;12,72;16,49;19,29;17,89;12,4;5,51;1,43;0,03;14,98;14,56;18,64;19,77;17,6;10,01;3,28;0,91;0,26;0;19,91;18,81;19,92;19,45;12,25;6,2;2,41;0,79;0,23;0,02;19,38;16,24;19,94;18,86;14,02;7,5;2,92;0,95;0,19;19,44;13,61;17,2;18,66;16,38;10,23;3,79;0,67;0,02;23,85;16,32;19,49;18,74;12,11;6,28;2,31;0,68;0,19;0,03;0;9,17;7,05;11,36;16,53;22,58;20,63;10,03;2,58;0,07;10,51;8,53;14,83;19,72;18,36;14,81;8,27;3,28;1,38;0,3;0;18,7;13,13;16,78;18,51;16,83;10,98;4,25;0,81;0,02;22,88;15,75;19,15;18,81;12,57;6,9;2,75;0,86;0,28;0,05;0
2021;Brasil;Total - Estadual e Municipal;Total;Interior;715,86;734,56;200,77;209,67;251,72;249,73;237,17;240,67;267,67;261,46;292,38;288,8;269,34;263,31;17,33;10,7;11,76;14,43;14,1;13,18;11,07;5,94;1,5;5,09;9,17;11,92;16,43;18,18;17,07;11,61;6,6;3,94;6,89;11,99;14,36;16,45;17,04;15,04;10,34;5,23;2,36;0,31;2,28;7,94;15,04;19,23;19,11;15,98;10,97;6,01;2,5;0,92;0,03;16,72;13,64;16,97;18,4;16,48;11,27;5,13;1,36;0,03;16,93;14,42;17,77;18,67;16,82;10,09;3,76;1,17;0,37;0;22,86;19,33;20,22;16,97;11,14;6;2,57;0,73;0,14;0,03;22,37;17,04;18,57;16,89;13,03;7,72;3,2;0,98;0,2;21,72;14,74;17,67;18,02;14,88;9,01;3,36;0,6;0,02;24,81;16,21;18,71;17,92;12,12;6,58;2,59;0,8;0,2;0,05;0;11,26;9,01;13,36;17,59;19,78;17,96;8,81;2,17;0,06;12,55;10,54;15,15;19,07;17,11;13,52;7,6;3,17;1,08;0,22;0;21,01;14,35;17,38;17,99;15,21;9,61;3,73;0,7;0,02;23,98;15,83;18,47;18;12,46;7,05;2,93;0,96;0,26;0,06;0
2021;Brasil;Total - Estadual e Municipal;Urbana;Total;716,42;735,79;204,22;212,45;254,77;251,89;239,23;243,27;269,63;262,48;295,15;290,84;271,34;264,39;16,49;11,08;12,06;14,56;14,09;13,22;11,19;5,71;1,6;4,43;8,81;11,91;16,9;18,36;16,85;11,95;7,1;3,69;5,8;10,61;13,71;16,6;17,78;16;11,11;5,58;2,49;0,31;1,92;6,77;13,84;19,02;19,92;16,99;11,71;6,34;2,58;0,89;0,03;15;12,88;16,7;18,89;17,38;12,11;5,54;1,46;0,03;15,3;14,03;17,86;19,23;17,64;10,58;3,85;1,16;0,36;0;21,23;18,96;20,21;17,87;11,74;6,32;2,7;0,79;0,17;0,03;20,35;16,52;18,92;17,73;13,79;8,08;3,35;1,04;0,21;20,51;14,27;17,57;18,37;15,54;9,53;3,56;0,63;0,02;23,87;16,09;18,95;18,37;12,38;6,69;2,6;0,8;0,2;0,05;0;10,5;8,3;12,44;17,04;20,68;19,18;9,5;2,3;0,07;11,97;9,89;14,87;18,82;17,55;14,06;8,02;3,37;1,22;0,25;0;19,83;13,87;17,23;18,28;15,89;10,18;3,96;0,74;0,02;23,07;15,68;18,68;18,4;12,73;7,18;2,97;0,97;0,27;0,06;0
2021;Brasil;Total - Estadual e Municipal;Urbana;Capital;714,65;736,61;204,35;211,84;256,01;250,92;240,43;243,76;271,88;261,81;299,35;294,11;273,88;264,16;16,87;11,51;12,85;13,58;14,66;13,58;10,64;4,41;1,89;4,43;7,37;12,54;17,54;17,96;16,21;12,48;8,75;2,7;5,74;10,32;13,56;16,64;18,15;16,29;11,3;5,44;2,29;0,25;1,93;6,45;13,51;19,27;20,88;17,57;11,66;5,88;2,18;0,65;0,02;14,16;12,64;16,42;19,3;17,95;12,49;5,55;1,45;0,03;14,87;14,48;18,62;19,8;17,68;10,07;3,3;0,92;0,26;0;19,8;18,72;19,92;19,52;12,31;6,23;2,44;0,8;0,23;0,02;19,11;16,22;19,95;18,95;14,12;7,54;2,95;0,96;0,19;19,33;13,57;17,19;18,68;16,44;10,28;3,82;0,67;0,02;23,75;16,28;19,49;18,78;12,15;6,31;2,33;0,68;0,19;0,03;0;9,08;7,02;11,28;16,54;22,62;20,72;10,07;2,6;0,07;10,44;8,47;14,79;19,71;18,44;14,87;8,31;3,3;1,39;0,3;0;18,58;13,1;16,76;18,53;16,89;11,04;4,27;0,81;0,02;22,78;15,71;19,15;18,85;12,61;6,93;2,76;0,87;0,28;0,05;0
2021;Brasil;Total - Estadual e Municipal;Urbana;Interior;716,91;735,56;204,18;212,62;254,44;252,15;238,91;243,14;268,99;262,67;293,83;289,8;270,62;264,45;16,38;10,96;11,85;14,83;13,94;13,11;11,34;6,06;1,53;4,42;9,21;11,74;16,72;18,47;17,02;11,81;6,65;3,96;5,82;10,69;13,76;16,58;17,68;15,92;11,06;5,62;2,54;0,32;1,92;6,85;13,93;18,95;19,65;16,83;11,72;6,47;2,68;0,96;0,03;15,22;12,95;16,77;18,79;17,23;12,01;5,53;1,47;0,03;15,42;13,91;17,66;19,08;17,62;10,72;3,99;1,22;0,38;0;21,6;19,02;20,29;17,43;11,59;6,34;2,77;0,79;0,15;0,03;20,68;16,6;18,65;17,41;13,71;8,23;3,45;1,06;0,22;20,84;14,46;17,68;18,28;15,29;9,32;3,49;0,62;0,02;23,91;16,04;18,8;18,25;12,45;6,79;2,68;0,83;0,21;0,05;0;10,95;8,7;12,81;17,2;20,06;18,69;9,32;2,2;0,06;12,45;10,34;14,89;18,54;17,27;13,8;7,92;3,39;1,16;0,23;0;20,19;14,08;17,36;18,21;15,6;9,94;3,87;0,72;0,02;23,16;15,67;18,54;18,27;12,76;7,25;3,02;1;0,27;0,06;0
2021;Brasil;Total - Estadual e Municipal;Rural;Total;708,37;727,4;181,68;193,06;234,87;234,68;226,45;225,38;248,17;243,55;278,01;278,62;251;246,87;24,08;8,89;11,09;11,53;15,32;13,6;9,15;4,99;1,34;9,85;8,89;13,24;14,59;16,1;17,15;10,08;6,18;3,93;12,83;19,22;17,75;15,76;13,5;10,09;6,3;3,02;1,31;0,21;4,28;13,96;21,23;20,9;16,12;11,21;6,72;3,41;1,47;0,68;0,02;25,93;17,95;18,29;16,06;11,81;6,62;2,64;0,68;0,02;26,27;17,66;18,52;16,14;11,84;6,12;2,28;0,83;0,33;0;30,5;21,32;19,85;14,18;8,42;3,92;1,37;0,37;0,06;0,01;32,89;19,67;18,15;13,7;8,78;4,61;1,64;0,46;0,1;34,68;18,77;17,55;14,18;8,77;4,32;1,47;0,26;0,01;38,03;18,77;17,45;13,17;7,3;3,39;1,3;0,42;0,13;0,05;0;14,47;12,05;18,82;21,32;16,99;10,71;3,8;1,84;0;13,66;12,55;17,72;24,24;15,41;10,67;4,43;1,07;0,24;0,02;0;32,76;18,13;17,67;14,85;9,55;4,92;1,69;0,41;0,01;35,72;18,18;17,48;14,21;8,07;4,08;1,6;0,48;0,14;0,04;0
2021;Brasil;Total - Estadual e Municipal;Rural;Capital;710,02;729,4;191,05;197,93;241,16;237,69;227,74;223,7;249,08;242,77;257,75;253,03;249,49;243,26;20,88;11,96;10,57;11,54;17,06;12,23;10,09;3,66;2,01;7,39;8,83;14,23;20,77;16,52;10,88;8,77;6,07;6,55;8,13;14,55;17,44;18,09;16,75;12,7;7,56;3,16;1,47;0,15;2,98;9,97;19,12;22,96;19,27;13,04;7,84;3,47;1,07;0,29;0;19,4;17,73;20,25;18,37;13,87;7,39;2,56;0,41;0,02;21,62;19,35;19,92;17,49;12,75;6,19;2,02;0,5;0,16;0;26,51;24,18;20,27;15,1;8,76;4,44;0,66;0;0,07;0;35,67;17,31;19,15;13,67;7,42;5,41;0,97;0,22;0,18;33,71;17,57;18,98;15,99;8,96;3,54;1,14;0,07;0,04;36,23;20,09;19,57;13,55;6,78;3,15;0,39;0,24;0;0;0;27,19;13,38;25,98;15,17;13,81;2,34;2,14;0;0;24,5;20,55;23,87;20,87;3,75;4,13;2,34;0;0;0;0;33,4;17,37;19,31;15,95;9,19;3,48;1,19;0,07;0,04;35,67;20,11;19,77;13,9;6,64;3,2;0,48;0,23;0;0;0
2021;Brasil;Total - Estadual e Municipal;Rural;Interior;708,31;727,32;181,36;192,89;234,69;234,6;226,42;225,43;248,14;243,58;278,33;279,03;251,05;246,99;24,21;8,77;11,11;11,53;15,25;13,66;9,11;5,04;1,32;9,95;8,89;13,2;14,33;16,08;17,4;10,13;6,18;3,83;12,99;19,38;17,76;15,68;13,39;10;6,26;3,01;1,31;0,21;4,33;14,09;21,3;20,82;16,01;11,15;6,68;3,41;1,48;0,69;0,02;26,11;17,95;18,24;16;11,75;6,6;2,64;0,68;0,02;26,4;17,61;18,48;16,11;11,81;6,12;2,29;0,84;0,33;0;30,61;21,24;19,84;14,16;8,41;3,9;1,39;0,38;0,06;0,01;32,82;19,73;18,13;13,7;8,81;4,59;1,66;0,47;0,09;34,71;18,81;17,5;14,12;8,77;4,34;1,48;0,27;0,01;38,09;18,72;17,38;13,15;7,32;3,39;1,33;0,43;0,13;0,05;0;14,27;12,02;18,71;21,42;17,04;10,84;3,82;1,87;0;13,49;12,43;17,62;24,29;15,59;10,77;4,46;1,08;0,25;0,02;0;32,74;18,15;17,62;14,82;9,56;4,97;1,71;0,42;0,01;35,72;18,12;17,4;14,22;8,12;4,1;1,63;0,49;0,14;0,04;0
2021;Brasil;Total - Federal, Estadual e Municipal;Total;Total;715,64;734,96;201,43;210,05;252,58;250,05;237,88;241,3;268,67;261,72;301,45;299,61;271,66;265,18;17,25;10,85;11,96;14,25;14,22;13,26;10,99;5,64;1,58;4,97;8,82;12,04;16,66;18,13;16,88;11,77;7,01;3,72;6,68;11,69;14,21;16,49;17,25;15,27;10,51;5,27;2,34;0,3;2,22;7,66;14,76;19,24;19,44;16,26;11,1;5,98;2,44;0,87;0,03;16,23;13,45;16,86;18,55;16,74;11,5;5,24;1,4;0,03;16,53;14,42;17,91;18,85;16,96;10,09;3,7;1,15;0,38;0;22,27;19,2;20,14;17,43;11,35;6,07;2,57;0,77;0,17;0,03;21,78;16,87;18,81;17,25;13,22;7,71;3,17;0,99;0,21;21,2;14,47;17,54;18,13;15,19;9,31;3,51;0,64;0,02;24,56;16,2;18,84;18,07;12,12;6,53;2,58;0,81;0,23;0,07;0;8,67;7,08;11,35;15,9;20,74;20,9;11,84;3,37;0,15;9,79;8,57;13,17;17,4;17,57;15,57;10,25;5,05;2,05;0,57;0;20,06;13,79;16,98;17,92;15,7;10,36;4,27;0,89;0,03;23,21;15,5;18,32;18,01;12,62;7,36;3,28;1,2;0,4;0,11;0
2021;Brasil;Total - Federal, Estadual e Municipal;Total;Capital;714,7;736,55;204,19;211,66;256,23;251,34;240,87;243,94;272,25;262,48;305,15;302,86;275,27;266,19;16,92;11,49;12,78;13,51;14,7;13,59;10,67;4,43;1,91;4,48;7,39;12,56;17,58;17,92;16,13;12,46;8,7;2,78;5,78;10,39;13,61;16,65;18,11;16,23;11,24;5,44;2,29;0,26;1,95;6,51;13,6;19,31;20,83;17,47;11,62;5,87;2,17;0,65;0,02;14,15;12,64;16,39;19,19;17,88;12,5;5,67;1,54;0,04;14,86;14,46;18,51;19,66;17,57;10,08;3,41;1,06;0,4;0;19,77;18,66;19,79;19,38;12,25;6,38;2,52;0,92;0,29;0,04;19,23;16,13;19,86;18,79;14,06;7,67;3,02;1,01;0,24;19,31;13,49;17,08;18,56;16,36;10,37;3,99;0,8;0,02;23,67;16,18;19,35;18,63;12,12;6,34;2,48;0,8;0,32;0,11;0;7,88;6,08;10,04;14,74;22,21;22,48;12,89;3,56;0,11;8,89;7,86;13,14;16,83;18,08;15,97;9,94;5,49;2,99;0,83;0;18,26;12,81;16,44;18,21;16,9;11,49;4,81;1,06;0,03;22,31;15,41;18,78;18,46;12,66;7,23;3,16;1,24;0,56;0,18;0
2021;Brasil;Total - Federal, Estadual e Municipal;Total;Interior;715,87;734,57;200,77;209,67;251,73;249,75;237,18;240,68;267,7;261,51;300,44;298,73;270,69;264,91;17,33;10,7;11,76;14,43;14,1;13,18;11,07;5,94;1,5;5,09;9,17;11,91;16,43;18,18;17,07;11,61;6,6;3,94;6,89;11,99;14,36;16,45;17,04;15,04;10,34;5,23;2,36;0,31;2,28;7,94;15,04;19,23;19,11;15,98;10,97;6,01;2,5;0,92;0,03;16,72;13,63;16,97;18,4;16,48;11,27;5,14;1,36;0,03;16,92;14,41;17,77;18,67;16,82;10,09;3,76;1,17;0,38;0;22,85;19,33;20,22;16,97;11,14;6;2,58;0,73;0,14;0,03;22,37;17,04;18,57;16,89;13,03;7,72;3,21;0,98;0,2;21,71;14,73;17,66;18,01;14,88;9,02;3,38;0,6;0,02;24,8;16,2;18,7;17,92;12,12;6,58;2,6;0,81;0,21;0,05;0;8,88;7,36;11,7;16,21;20,34;20,48;11,55;3,31;0,16;10,03;8,76;13,18;17,56;17,44;15,46;10,34;4,94;1,8;0,5;0;20,54;14,06;17,12;17,85;15,37;10,06;4,12;0,85;0,03;23,45;15,52;18,2;17,88;12,6;7,39;3,31;1,19;0,35;0,09;0
2021;Brasil;Total - Federal, Estadual e Municipal;Urbana;Total;716,46;735,81;204,25;212,48;254,88;252,04;239,38;243,39;269,79;262,71;302,55;300,49;272,68;266,05;16,48;11,07;12,06;14,55;14,09;13,22;11,2;5,72;1,61;4,42;8,81;11,91;16,89;18,35;16,85;11,97;7,1;3,69;5,8;10,61;13,71;16,59;17,78;16,01;11,12;5,59;2,49;0,31;1,92;6,76;13,84;19,01;19,91;16,99;11,72;6,35;2,58;0,89;0,03;14,98;12,86;16,67;18,87;17,38;12,14;5,58;1,49;0,04;15,27;14;17,83;19,21;17,63;10,6;3,88;1,19;0,39;0;21,19;18,93;20,18;17,85;11,74;6,36;2,72;0,82;0,18;0,03;20,31;16,5;18,9;17,72;13,81;8,12;3,37;1,05;0,22;20,47;14,23;17,54;18,34;15,54;9,58;3,62;0,66;0,02;23,82;16,06;18,91;18,34;12,38;6,7;2,65;0,83;0,24;0,07;0;8,46;6,85;10,96;15,57;20,89;21,4;12,27;3,44;0,16;9,69;8,4;13,01;16,99;17,59;15,79;10,52;5,23;2,16;0,61;0;19,41;13,58;16,96;18,1;16,01;10,62;4,38;0,91;0,03;22,58;15,38;18,39;18,22;12,84;7,51;3,34;1,22;0,41;0,11;0
2021;Brasil;Total - Federal, Estadual e Municipal;Urbana;Capital;714,8;736,7;204,48;211,97;256,48;251,56;241,09;244,27;272,44;262,64;305,48;303,23;275,47;266,36;16,84;11,48;12,83;13,55;14,66;13,62;10,68;4,45;1,91;4,42;7,36;12,52;17,52;17,95;16,23;12,54;8,76;2,71;5,73;10,3;13,53;16,62;18,14;16,31;11,32;5,49;2,31;0,26;1,93;6,43;13,48;19,23;20,86;17,57;11,71;5,92;2,2;0,66;0,02;14,07;12,55;16,32;19,21;17,94;12,59;5,73;1,56;0,04;14,75;14,38;18,49;19,69;17,65;10,14;3,43;1,07;0,4;0;19,66;18,57;19,79;19,45;12,31;6,41;2,55;0,94;0,29;0,04;18,96;16,11;19,87;18,87;14,17;7,71;3,05;1,02;0,24;19,2;13,46;17,07;18,58;16,42;10,43;4,01;0,81;0,02;23,57;16,15;19,35;18,67;12,16;6,37;2,5;0,81;0,32;0,11;0;7,78;6,01;9,92;14,77;22,2;22,62;13;3,6;0,11;8,76;7,81;13,07;16,77;18,1;16,07;10,02;5,55;3,02;0,83;0;18,15;12,78;16,41;18,23;16,95;11,55;4,84;1,06;0,03;22,21;15,38;18,77;18,49;12,7;7,26;3,19;1,24;0,57;0,18;0
2021;Brasil;Total - Federal, Estadual e Municipal;Urbana;Interior;716,91;735,56;204,19;212,62;254,45;252,16;238,93;243,16;269,03;262,73;301,67;299,66;271,88;265,96;16,38;10,96;11,85;14,83;13,94;13,11;11,34;6,06;1,53;4,42;9,21;11,74;16,72;18,46;17,02;11,81;6,66;3,96;5,82;10,69;13,76;16,58;17,68;15,92;11,06;5,62;2,54;0,32;1,92;6,85;13,93;18,95;19,66;16,83;11,72;6,47;2,68;0,96;0,03;15,22;12,94;16,76;18,78;17,23;12,02;5,54;1,47;0,04;15,41;13,9;17,65;19,08;17,62;10,72;4;1,23;0,38;0;21,59;19,02;20,28;17,43;11,59;6,34;2,77;0,79;0,15;0,03;20,67;16,6;18,64;17,41;13,71;8,23;3,46;1,06;0,22;20,83;14,45;17,67;18,28;15,29;9,33;3,5;0,62;0,02;23,9;16,03;18,79;18,24;12,45;6,8;2,69;0,84;0,21;0,05;0;8,66;7,11;11,28;15,81;20,49;21,04;12,05;3,39;0,18;9,98;8,58;13;17,05;17,44;15,71;10,67;5,13;1,9;0,54;0;19,76;13,81;17,12;18,06;15,75;10,36;4,25;0,86;0,03;22,68;15,38;18,28;18,14;12,88;7,58;3,39;1,21;0,36;0,1;0
2021;Brasil;Total - Federal, Estadual e Municipal;Rural;Total;708,38;727,4;181,69;193,06;234,87;234,69;226,45;225,38;248,18;243,56;289,69;290,35;254,13;250,27;24,08;8,9;11,09;11,53;15,32;13,6;9,15;4,99;1,34;9,85;8,89;13,24;14,59;16,1;17,15;10,08;6,18;3,93;12,83;19,22;17,75;15,76;13,5;10,09;6,31;3,02;1,31;0,21;4,28;13,96;21,23;20,9;16,12;11,21;6,72;3,41;1,47;0,68;0,02;25,93;17,95;18,29;16,06;11,81;6,62;2,64;0,68;0,02;26,27;17,66;18,52;16,15;11,84;6,12;2,28;0,83;0,33;0;30,5;21,32;19,85;14,18;8,42;3,92;1,37;0,37;0,06;0,01;32,89;19,67;18,15;13,7;8,78;4,61;1,64;0,46;0,1;34,67;18,76;17,55;14,19;8,78;4,32;1,47;0,26;0,01;38,02;18,76;17,47;13,17;7,3;3,38;1,3;0,42;0,13;0,05;0;10,94;9,54;15,44;19,41;19,17;15,62;7,25;2,62;0,01;10,79;10,31;14,84;21,8;17,38;13,18;7,43;3,21;0,91;0,14;0;31,27;17,44;17,25;14,94;10,27;5,94;2,3;0,6;0,01;34,12;17,55;17,09;14,4;8,75;4,79;2,18;0,82;0,24;0,06;0
2021;Brasil;Total - Federal, Estadual e Municipal;Rural;Capital;710,02;729,4;191,05;197,93;241,16;237,69;227,74;223,7;249,08;242,77;271,41;265,41;251,55;245,28;20,88;11,96;10,57;11,54;17,06;12,23;10,09;3,66;2,01;7,39;8,83;14,23;20,77;16,52;10,88;8,77;6,07;6,55;8,13;14,55;17,44;18,09;16,75;12,7;7,56;3,16;1,47;0,15;2,98;9,97;19,12;22,96;19,27;13,04;7,84;3,47;1,07;0,29;0;19,4;17,73;20,25;18,37;13,87;7,39;2,56;0,41;0,02;21,62;19,35;19,92;17,49;12,75;6,19;2,02;0,5;0,16;0;26,51;24,18;20,27;15,1;8,76;4,44;0,66;0;0,07;0;35,67;17,31;19,15;13,67;7,42;5,41;0,97;0,22;0,18;33,71;17,57;18,98;15,99;8,96;3,54;1,14;0,07;0,04;36,23;20,09;19,57;13,55;6,78;3,15;0,39;0,24;0;0;0;17,92;13,99;21,83;12,59;22,66;8,75;1,95;0,3;0;21,8;12,07;20,27;22,45;16,06;5,73;1,61;0;0;0;0;31,96;17,17;19,29;15,62;10,48;4,12;1,23;0,09;0,04;34,63;19,2;19,65;14,54;7,81;3,44;0,52;0,21;0;0;0
2021;Brasil;Total - Federal, Estadual e Municipal;Rural;Interior;708,31;727,32;181,37;192,9;234,7;234,6;226,42;225,43;248,15;243,59;290,15;290,97;254,22;250,43;24,21;8,77;11,11;11,53;15,25;13,66;9,11;5,05;1,32;9,95;8,9;13,2;14,33;16,08;17,4;10,13;6,18;3,83;12,99;19,38;17,76;15,68;13,39;10;6,26;3,02;1,31;0,21;4,33;14,09;21,3;20,82;16,01;11,15;6,68;3,41;1,48;0,69;0,02;26,11;17,95;18,24;16;11,75;6,6;2,64;0,68;0,02;26,4;17,61;18,48;16,11;11,81;6,12;2,29;0,84;0,33;0;30,61;21,24;19,84;14,16;8,41;3,9;1,39;0,38;0,06;0,01;32,82;19,73;18,13;13,7;8,81;4,59;1,66;0,47;0,09;34,7;18,8;17,5;14,13;8,77;4,34;1,48;0,27;0,01;38,08;18,72;17,4;13,16;7,32;3,39;1,33;0,43;0,13;0,05;0;10,76;9,43;15,28;19,59;19,08;15,79;7,39;2,67;0,01;10,52;10,26;14,7;21,78;17,41;13,37;7,58;3,29;0,93;0,15;0;31,25;17,45;17,18;14,91;10,26;5,99;2,33;0,62;0,01;34,1;17,5;17,01;14,4;8,78;4,83;2,23;0,84;0,25;0,06;0
